Name,Developer,Version,Loader,Enabled,FileName,Path
Abnormals Delight,Team Abnormals,6.0.2,NeoForge,true,abnormals_delight-1.21.1-6.0.2.jar,C:\Users\Lucky56\github\modpacks\mods\abnormals_delight-1.21.1-6.0.2.jar
Abyssal Decor,"Morgan, MCreator",1.0.0,NeoForge,true,abyssal_decor_1.21.1_0.10.0_Neoforge.jar,C:\Users\Lucky56\github\modpacks\mods\abyssal_decor_1.21.1_0.10.0_Neoforge.jar
Accessories,"Blodhgarm, chyzman, Dr.Zeal",1.1.0-beta.53+1.21.1,NeoForge,true,accessories-neoforge-1.1.0-beta.53+1.21.1.jar,C:\Users\Lucky56\github\modpacks\mods\accessories-neoforge-1.1.0-beta.53+1.21.1.jar
ActuallyHarvest,wendall911,1.1.7.6,NeoForge,true,actuallyharvest-1.21.1-neoforge-1.1.7.6-NEOFORGE.jar,C:\Users\Lucky56\github\modpacks\mods\actuallyharvest-1.21.1-neoforge-1.1.7.6-NEOFORGE.jar
AdvancedLootInfo,Yanny,1.12.0,NeoForge,true,AdvancedLootInfo-neoforge-1.21.1-1.12.0.jar,C:\Users\Lucky56\github\modpacks\mods\AdvancedLootInfo-neoforge-1.21.1-1.12.0.jar
Advancement Plaques,Grend,1.6.8,NeoForge,true,AdvancementPlaques-1.21.1-neoforge-1.6.8.jar,C:\Users\Lucky56\github\modpacks\mods\AdvancementPlaques-1.21.1-neoforge-1.6.8.jar
Advancements Reloaded,@42atomys,0.6.1,NeoForge,false,advancements_reloaded-0.6.1-neoforge-1.21.1.jar.disabled,C:\Users\Lucky56\github\modpacks\mods\advancements_reloaded-0.6.1-neoforge-1.21.1.jar.disabled
AeronauticsCompat,rohan,1.1.2,NeoForge,true,aeronauticscompat-1.1.2.jar,C:\Users\Lucky56\github\modpacks\mods\aeronauticscompat-1.1.2.jar
Aeronautics Propeller Blur,LopyLuna,1.0a,NeoForge,true,AeroPropBlur-1.21.1-1.0a.jar,C:\Users\Lucky56\github\modpacks\mods\AeroPropBlur-1.21.1-1.0a.jar
Aeronautics Camera Sync,-,1.3.1,NeoForge,true,aero_cam_sync-1.3.1.jar,C:\Users\Lucky56\github\modpacks\mods\aero_cam_sync-1.3.1.jar
The Aether,"AlphaMode, baguchi, bconlon, Blodhgarm, Burning Cactus, Drullkus, Hugo Payn, Jaryt, Katie 'Oz' Payn, quek, Raptor, reetam, RENREN, sunsette",1.5.10.1,NeoForge,true,aether-1.21.1-1.5.10.1-neoforge.jar,C:\Users\Lucky56\github\modpacks\mods\aether-1.21.1-1.5.10.1-neoforge.jar
Aethers Delight,zjjohn121110,0.1.4.2-1.21.1,NeoForge,true,aethersdelight-0.1.4.2-1.21.1.jar,C:\Users\Lucky56\github\modpacks\mods\aethersdelight-0.1.4.2-1.21.1.jar
Aether Villages,"Aureljz, DiamondTown",1.0.8,NeoForge,true,AetherVillages-1.21.1-1.0.8-neoforge.jar,C:\Users\Lucky56\github\modpacks\mods\AetherVillages-1.21.1-1.0.8-neoforge.jar
Beyond Parity,"bconlon, Oz Payn, Raptor, reetam",1.0.0,NeoForge,true,aether_beyond_parity-1.21.1-1.0.0-neoforge.jar,C:\Users\Lucky56\github\modpacks\mods\aether_beyond_parity-1.21.1-1.0.0-neoforge.jar
Emissivity,bconlon,1.0.2,NeoForge,true,aether_emissivity-1.21.1-1.0.2-neoforge.jar,C:\Users\Lucky56\github\modpacks\mods\aether_emissivity-1.21.1-1.0.2-neoforge.jar
Enhanced Extinguishing,bconlon,1.0.0,NeoForge,true,aether_enhanced_extinguishing-1.21.1-1.0.0-neoforge.jar,C:\Users\Lucky56\github\modpacks\mods\aether_enhanced_extinguishing-1.21.1-1.0.0-neoforge.jar
Protect Your Moa,"bconlon, Oz Payn",1.0.0,NeoForge,true,aether_protect_your_moa-1.21.1-1.0.0-neoforge.jar,C:\Users\Lucky56\github\modpacks\mods\aether_protect_your_moa-1.21.1-1.0.0-neoforge.jar
Treasure Reforging,"bconlon, Oz Payn",1.0.1,NeoForge,true,aether_treasure_reforging-1.21.1-1.0.1-neoforge.jar,C:\Users\Lucky56\github\modpacks\mods\aether_treasure_reforging-1.21.1-1.0.1-neoforge.jar
AI-Improvements,BuiltBrokenModding,0.5.3,NeoForge,true,AI-Improvements-1.21-0.5.3.jar,C:\Users\Lucky56\github\modpacks\mods\AI-Improvements-1.21-0.5.3.jar
Alex's Caves,"Alexthe668, Noonyeyz",2.0.2,NeoForge,true,alexscaves-2.0.2.jar,C:\Users\Lucky56\github\modpacks\mods\alexscaves-2.0.2.jar
Alex's Mobs,"Alexthe668, Carro1001, Paint_Ninja",1.22.9,NeoForge,true,alexsmobs-1.22.9.jar,C:\Users\Lucky56\github\modpacks\mods\alexsmobs-1.22.9.jar
Allurement,Team Abnormals,5.0.2,NeoForge,true,allurement-1.21.1-5.0.2.jar,C:\Users\Lucky56\github\modpacks\mods\allurement-1.21.1-5.0.2.jar
AlmostUnified,Almost Reliable,1.21.1-1.4.2,NeoForge,true,almostunified-neoforge-1.21.1-1.4.2.jar,C:\Users\Lucky56\github\modpacks\mods\almostunified-neoforge-1.21.1-1.4.2.jar
Alternate Current,Space   Walker,1.9.0,NeoForge,true,alternate_current-mc1.21-1.9.0.jar,C:\Users\Lucky56\github\modpacks\mods\alternate_current-mc1.21-1.9.0.jar
Amendments,"MehVahdJukaar, Plantkillable",1.21-2.1.4,NeoForge,true,amendments-neoforge-1.21-2.1.4.jar,C:\Users\Lucky56\github\modpacks\mods\amendments-neoforge-1.21-2.1.4.jar
Angel Islands,Klinbee,2.0.3,"NeoForge, Forge, Fabric, Quilt",true,angel-islands-2.0.3.jar,C:\Users\Lucky56\github\modpacks\mods\angel-islands-2.0.3.jar
AnimaticaFoxified,"TexTrue, ThinkingStudio",0.1.1+1.21.1,NeoForge,true,AnimaticaFoxified-0.1.1+1.21.1.jar,C:\Users\Lucky56\github\modpacks\mods\AnimaticaFoxified-0.1.1+1.21.1.jar
Antique Atlas,"Hunternif, tyra314, Sisby folk. Contributions by Kenkron, asiekierka, Haven King, TheCodeWarrior, osipxd, coolAlias, TehNut, lumiscosity, frodolon",3.1.2+1.21,"NeoForge, Fabric",true,antique-atlas-3.1.2+1.21.jar,C:\Users\Lucky56\github\modpacks\mods\antique-atlas-3.1.2+1.21.jar
Antique Transport,Mariz,1.3.0,"NeoForge, Fabric",true,antique_transport-1.3.0+1.21.1.jar,C:\Users\Lucky56\github\modpacks\mods\antique_transport-1.3.0+1.21.1.jar
AppleSkin,squeek,3.0.9+mc1.21,NeoForge,true,appleskin-neoforge-mc1.21-3.0.9.jar,C:\Users\Lucky56\github\modpacks\mods\appleskin-neoforge-mc1.21-3.0.9.jar
Architectury,shedaniel,13.0.8,NeoForge,true,architectury-13.0.8-neoforge.jar,C:\Users\Lucky56\github\modpacks\mods\architectury-13.0.8-neoforge.jar
Artifacts,ochotonida,13.2.1,NeoForge,true,artifacts-neoforge-13.2.1.jar,C:\Users\Lucky56\github\modpacks\mods\artifacts-neoforge-13.2.1.jar
Ash API,Trikzon,21.1.1,NeoForge,true,ash_api-neoforge-21.1.1.jar,C:\Users\Lucky56\github\modpacks\mods\ash_api-neoforge-21.1.1.jar
Athena,ThatGravyBoat,4.0.6,NeoForge,true,athena-neoforge-1.21.1-4.0.6.jar,C:\Users\Lucky56\github\modpacks\mods\athena-neoforge-1.21.1-4.0.6.jar
Atmospheric,Team Abnormals,7.0.1,NeoForge,true,atmospheric-1.21.1-7.0.1.jar,C:\Users\Lucky56\github\modpacks\mods\atmospheric-1.21.1-7.0.1.jar
Autumnity,Team Abnormals,6.0.1,NeoForge,true,autumnity-1.21.1-6.0.1.jar,C:\Users\Lucky56\github\modpacks\mods\autumnity-1.21.1-6.0.1.jar
Backpacked,MrCrayfish,3.0.5,NeoForge,true,backpacked-neoforge-1.21.1-3.0.5.jar,C:\Users\Lucky56\github\modpacks\mods\backpacked-neoforge-1.21.1-3.0.5.jar
BadOptimizations,Thosea,2.4.1,"NeoForge, Fabric",true,BadOptimizations-2.4.1-1.21.1.jar,C:\Users\Lucky56\github\modpacks\mods\BadOptimizations-2.4.1-1.21.1.jar
Balm,BlayTheNinth,21.0.59,NeoForge,true,balm-neoforge-1.21.1-21.0.59.jar,C:\Users\Lucky56\github\modpacks\mods\balm-neoforge-1.21.1-21.0.59.jar
Beautified Chat Client,Rick South,2.7,"NeoForge, Forge, Fabric",true,beautifiedchatclient-1.21.1-2.7.jar,C:\Users\Lucky56\github\modpacks\mods\beautifiedchatclient-1.21.1-2.7.jar
Friends&Foes - Beekeeper Hut,Faboslav,3.0.3,NeoForge,true,beekeeperhut-neoforge-3.0.3+mc1.21.1.jar,C:\Users\Lucky56\github\modpacks\mods\beekeeperhut-neoforge-3.0.3+mc1.21.1.jar
Create: Bells & Whistles,lev,0.4.7-1.21.1,NeoForge,true,bellsandwhistles-0.4.7-1.21.1.jar,C:\Users\Lucky56\github\modpacks\mods\bellsandwhistles-0.4.7-1.21.1.jar
Berry Good,Team Abnormals,8.0.1,NeoForge,true,berry_good-1.21.1-8.0.1.jar,C:\Users\Lucky56\github\modpacks\mods\berry_good-1.21.1-8.0.1.jar
Better Compatibility Checker,Gaz(Gaz492),21.1.8,NeoForge,true,better-compatability-checker-neoforge-21.1.8.jar,C:\Users\Lucky56\github\modpacks\mods\better-compatability-checker-neoforge-21.1.8.jar
Better Advancements,way2muchnoise,0.4.3.21,NeoForge,true,BetterAdvancements-NeoForge-1.21.1-0.4.3.21.jar,C:\Users\Lucky56\github\modpacks\mods\BetterAdvancements-NeoForge-1.21.1-0.4.3.21.jar
Better Archeology,Pandarix,1.21.1-1.3.4,NeoForge,true,betterarcheology-neoforge-1.21.1-1.3.4.jar,C:\Users\Lucky56\github\modpacks\mods\betterarcheology-neoforge-1.21.1-1.3.4.jar
Better Biome Blend,FionaTheMortal,1.4.0,NeoForge,true,betterbiomeblend-neoforge-1.21.1-1.4.0.jar,C:\Users\Lucky56\github\modpacks\mods\betterbiomeblend-neoforge-1.21.1-1.4.0.jar
Better Combat,Daedelus,2.3.2+1.21.1,NeoForge,true,bettercombat-neoforge-2.3.2+1.21.1.jar,C:\Users\Lucky56\github\modpacks\mods\bettercombat-neoforge-2.3.2+1.21.1.jar
BetterDays,wendall911,3.3.6.3,NeoForge,true,betterdays-1.21.1-3.3.6.3-NEOFORGE.jar,C:\Users\Lucky56\github\modpacks\mods\betterdays-1.21.1-3.3.6.3-NEOFORGE.jar
Better Mods Button,Fuzs,21.1.0,NeoForge,true,BetterModsButton-v21.1.0-1.21.1-NeoForge.jar,C:\Users\Lucky56\github\modpacks\mods\BetterModsButton-v21.1.0-1.21.1-NeoForge.jar
Better Ping Display,Quintinity,1.1,NeoForge,true,BetterPingDisplay-1.21.1-1.1.jar,C:\Users\Lucky56\github\modpacks\mods\BetterPingDisplay-1.21.1-1.1.jar
Better Safe Bed,frankV,1.21-16,NeoForge,true,bettersafebed-neoforge-1.21-16.jar,C:\Users\Lucky56\github\modpacks\mods\bettersafebed-neoforge-1.21-16.jar
Better Statistics Screen,TheCSDev,3.13.9+fabric-1.21,Fabric,true,betterstats-3.13.9+fabric-1.21.jar,C:\Users\Lucky56\github\modpacks\mods\betterstats-3.13.9+fabric-1.21.jar
Biolith,"TerraformersMC, gniftygnome",3.0.12,NeoForge,true,biolith-neoforge-3.0.12.jar,C:\Users\Lucky56\github\modpacks\mods\biolith-neoforge-3.0.12.jar
Biomes O' Plenty,"Adubbz, Forstride",21.1.0.14,NeoForge,true,BiomesOPlenty-neoforge-1.21.1-21.1.0.14.jar,C:\Users\Lucky56\github\modpacks\mods\BiomesOPlenty-neoforge-1.21.1-21.1.0.14.jar
Create Bits 'n' Bobs,"Cake, Kipti, NormalGuy, Astral, Spydnel",0.0.44,NeoForge,true,bits_n_bobs-0.0.44.jar,C:\Users\Lucky56\github\modpacks\mods\bits_n_bobs-0.0.44.jar
Blueprint,Team Abnormals,8.1.0,NeoForge,true,blueprint-1.21.1-8.1.0.jar,C:\Users\Lucky56\github\modpacks\mods\blueprint-1.21.1-8.1.0.jar
Bookshelf,Darkhax,21.1.81,NeoForge,true,bookshelf-neoforge-1.21.1-21.1.81.jar,C:\Users\Lucky56\github\modpacks\mods\bookshelf-neoforge-1.21.1-21.1.81.jar
Bountiful Fares,Hecco,3.0.11,NeoForge,true,bountifulfares-neoforge-1.21.1-3.0.11.jar,C:\Users\Lucky56\github\modpacks\mods\bountifulfares-neoforge-1.21.1-3.0.11.jar
Brainier Bees,dopadream,1.6,Fabric,true,brainierbees-1.6.jar,C:\Users\Lucky56\github\modpacks\mods\brainierbees-1.6.jar
Brewin' And Chewin',"Probleyes, Umpaz, MerchantCalico",4.5.0,NeoForge,true,BrewinAndChewin-neoforge-4.5.0+1.21.1.jar,C:\Users\Lucky56\github\modpacks\mods\BrewinAndChewin-neoforge-4.5.0+1.21.1.jar
Brick and Mortar,"Evan, KaylaTheBee",1.2.1,NeoForge,true,brick_and_mortar-neoforge-1.21.1-1.2.1.jar,C:\Users\Lucky56\github\modpacks\mods\brick_and_mortar-neoforge-1.21.1-1.2.1.jar
Burnt Basic,Pixelbank,1.10.3.7,NeoForge,true,burnt_basic-1.10.3.7-neoforge-1.21.1.jar,C:\Users\Lucky56\github\modpacks\mods\burnt_basic-1.10.3.7-neoforge-1.21.1.jar
Buzzier Bees,Team Abnormals,7.0.1,NeoForge,true,buzzier_bees-1.21.1-7.0.1.jar,C:\Users\Lucky56\github\modpacks\mods\buzzier_bees-1.21.1-7.0.1.jar
Concurrent Chunk Management Engine,"RelativityMC, ishland",0.4.0-alpha.0.112+1.21.1,NeoForge,true,c2me-neoforge-mc1.21.1-0.4.0-alpha.0.112.jar,C:\Users\Lucky56\github\modpacks\mods\c2me-neoforge-mc1.21.1-0.4.0-alpha.0.112.jar
Pillager Caravans,Obscuria,3.0.0,NeoForge,true,caravans-neoforge-1.21.1-3.0.0.jar,C:\Users\Lucky56\github\modpacks\mods\caravans-neoforge-1.21.1-3.0.0.jar
Carbasa,Zhen,1.5.0,"NeoForge, Forge, Fabric",true,carbasa-1.5-multi.jar,C:\Users\Lucky56\github\modpacks\mods\carbasa-1.5-multi.jar
Catalogue,MrCrayfish,1.11.2,NeoForge,true,catalogue-neoforge-1.21.1-1.11.2.jar,C:\Users\Lucky56\github\modpacks\mods\catalogue-neoforge-1.21.1-1.11.2.jar
Caverns & Chasms,Team Abnormals,3.0.0,NeoForge,true,caverns_and_chasms-1.21.1-3.0.0.jar,C:\Users\Lucky56\github\modpacks\mods\caverns_and_chasms-1.21.1-3.0.0.jar
Chalk,mortuusars,1.6.12,"NeoForge, Forge",true,chalk-1.6.12.jar,C:\Users\Lucky56\github\modpacks\mods\chalk-1.6.12.jar
ChatAnimation,Ezzenix,1.2.0,NeoForge,true,chatanimation-neoforge-1.2.0+mc1.21.1.jar,C:\Users\Lucky56\github\modpacks\mods\chatanimation-neoforge-1.2.0+mc1.21.1.jar
Chat Patches,OBro1961,211.6.9-secure,Fabric,true,chatpatches-211.6.9-secure.jar,C:\Users\Lucky56\github\modpacks\mods\chatpatches-211.6.9-secure.jar
Chat Heads,"dzwdz, Fourmisain",0.15.2,NeoForge,true,chat_heads-0.15.2-neoforge-1.21.jar,C:\Users\Lucky56\github\modpacks\mods\chat_heads-0.15.2-neoforge-1.21.jar
Chipped,"Alex Nijjar, Grimbop, Kekie6, ThatGravyBoat",4.0.2,NeoForge,true,chipped-neoforge-1.21.1-4.0.2.jar,C:\Users\Lucky56\github\modpacks\mods\chipped-neoforge-1.21.1-4.0.2.jar
chunksending mod,Someaddon,2.9,NeoForge,true,chunksending-1.21-2.9.jar,C:\Users\Lucky56\github\modpacks\mods\chunksending-1.21-2.9.jar
Chunks Fade In,kerudion (koteinik),3.0.23-1.21,NeoForge,false,chunksfadein-neoforge-3.0.23-1.21.jar.disabled,C:\Users\Lucky56\github\modpacks\mods\chunksfadein-neoforge-3.0.23-1.21.jar.disabled
Chunky,pop4959,1.4.23,NeoForge,true,Chunky-NeoForge-1.4.23.jar,C:\Users\Lucky56\github\modpacks\mods\Chunky-NeoForge-1.4.23.jar
Cinch's Missing Blocks,Cinchtail,3.2,NeoForge,true,cinchsmissingblocks-[NeoForge-1.21.1]-3.2.jar,C:\Users\Lucky56\github\modpacks\mods\cinchsmissingblocks-[NeoForge-1.21.1]-3.2.jar
Citadel,Alexthe666,2.7.0,NeoForge,true,citadel-2.7.0-1.21.1.jar,C:\Users\Lucky56\github\modpacks\mods\citadel-2.7.0-1.21.1.jar
Clavis,Shatterbyte,0.2.13,NeoForge,true,Clavis-NEOFORGE-0.2.13+1.21.1.jar,C:\Users\Lucky56\github\modpacks\mods\Clavis-NEOFORGE-0.2.13+1.21.1.jar
Clayworks,Team Abnormals,4.0.3,NeoForge,true,clayworks-1.21.1-4.0.3.jar,C:\Users\Lucky56\github\modpacks\mods\clayworks-1.21.1-4.0.3.jar
Clickable Advancements mod,Someaddon,3.8,NeoForge,true,clickadv-1.21-3.8.jar,C:\Users\Lucky56\github\modpacks\mods\clickadv-1.21-3.8.jar
clientcrafting mod,Someaddon,2.1,NeoForge,true,clientcrafting-1.21-2.1.jar,C:\Users\Lucky56\github\modpacks\mods\clientcrafting-1.21-2.1.jar
Climbable Ropes for Create Aeronautics,saunhardy,2.1.0,NeoForge,true,climbable_ropes-2.1.0.jar,C:\Users\Lucky56\github\modpacks\mods\climbable_ropes-2.1.0.jar
Cloth Config v15 API,shedaniel,15.0.140,NeoForge,true,cloth-config-15.0.140-neoforge.jar,C:\Users\Lucky56\github\modpacks\mods\cloth-config-15.0.140-neoforge.jar
Clumps,Jared,19.0.0.1,NeoForge,true,Clumps-neoforge-1.21.1-19.0.0.1.jar,C:\Users\Lucky56\github\modpacks\mods\Clumps-neoforge-1.21.1-19.0.0.1.jar
Create More: Package Couriers,Krei,2.3.0,NeoForge,true,cmpackagecouriers-neoforge-2.3.0.jar,C:\Users\Lucky56\github\modpacks\mods\cmpackagecouriers-neoforge-2.3.0.jar
Create More: Parallel Pipes,Krei,2.0.2,NeoForge,true,cmparallelpipes-neoforge-2.0.2.jar,C:\Users\Lucky56\github\modpacks\mods\cmparallelpipes-neoforge-2.0.2.jar
Cobweb,"Crystal Spider, Moonstone Webber, Noir",1.4.0,NeoForge,true,cobweb-neoforge-1.21-1.4.0.jar,C:\Users\Lucky56\github\modpacks\mods\cobweb-neoforge-1.21-1.4.0.jar
Collective,Rick South,8.39,"NeoForge, Forge, Fabric",true,collective-1.21.1-8.39.jar,C:\Users\Lucky56\github\modpacks\mods\collective-1.21.1-8.39.jar
Colorwheel,djefrey,1.2.9+mc1.21.1,NeoForge,true,colorwheel-neoforge-1.2.9+mc1.21.1.jar,C:\Users\Lucky56\github\modpacks\mods\colorwheel-neoforge-1.2.9+mc1.21.1.jar
Completionist's Index,Fuzs,21.1.0,NeoForge,true,CompletionistsIndex-v21.1.0-1.21.1-NeoForge.jar,C:\Users\Lucky56\github\modpacks\mods\CompletionistsIndex-v21.1.0-1.21.1-NeoForge.jar
Configurable,Bawnorton,3.5.1,NeoForge,true,configurable-3.5.1+1.21.1-neoforge.jar,C:\Users\Lucky56\github\modpacks\mods\configurable-3.5.1+1.21.1-neoforge.jar
Configured,MrCrayfish,2.6.3,NeoForge,true,configured-neoforge-1.21.1-2.6.3.jar,C:\Users\Lucky56\github\modpacks\mods\configured-neoforge-1.21.1-2.6.3.jar
Connectivity Mod,Someaddon,7.6,NeoForge,true,connectivity-1.21.1-7.6.jar,C:\Users\Lucky56\github\modpacks\mods\connectivity-1.21.1-7.6.jar
connector,Sinytra,2.0.0-beta.14+1.21.1,-,true,connector-2.0.0-beta.14+1.21.1-full.jar,C:\Users\Lucky56\github\modpacks\mods\connector-2.0.0-beta.14+1.21.1-full.jar
Continents,Stardust Labs,1.1.13,"NeoForge, Forge, Fabric, Quilt",true,Continents_26.1_v1.1.13.jar,C:\Users\Lucky56\github\modpacks\mods\Continents_26.1_v1.1.13.jar
Continuity,PepperCode1,3.0.0+1.21.neoforge,"NeoForge, Fabric",true,continuity-3.0.0+1.21.neoforge.jar,C:\Users\Lucky56\github\modpacks\mods\continuity-3.0.0+1.21.neoforge.jar
Controlling,Jaredlll08,19.0.5,NeoForge,true,Controlling-neoforge-1.21.1-19.0.5.jar,C:\Users\Lucky56\github\modpacks\mods\Controlling-neoforge-1.21.1-19.0.5.jar
Cooking for Blockheads,BlayTheNinth,21.1.23,NeoForge,true,cookingforblockheads-neoforge-1.21.1-21.1.23.jar,C:\Users\Lucky56\github\modpacks\mods\cookingforblockheads-neoforge-1.21.1-21.1.23.jar
Cool Rain,Leclowndu93150,1.0.1,NeoForge,true,coolrain-1.21.1-NeoForge-1.0.1.jar,C:\Users\Lucky56\github\modpacks\mods\coolrain-1.21.1-NeoForge-1.0.1.jar
Copper Age Backport,Smallinger,0.1.4,NeoForge,true,copperagebackport-neoforge-1.21.1-0.1.4.jar,C:\Users\Lucky56\github\modpacks\mods\copperagebackport-neoforge-1.21.1-0.1.4.jar
Create: Copycats+,"Lysine, Bennyboy1695, Redcat_XVIII",3.0.4+mc.1.21.1-neoforge,NeoForge,true,copycats-3.0.4+mc.1.21.1-neoforge.jar,C:\Users\Lucky56\github\modpacks\mods\copycats-3.0.4+mc.1.21.1-neoforge.jar
CoroUtil,Corosus,1.21.0-1.3.8,NeoForge,true,coroutil-neoforge-1.21.0-1.3.8.jar,C:\Users\Lucky56\github\modpacks\mods\coroutil-neoforge-1.21.0-1.3.8.jar
Cosy Critters & Creepy Crawlies,pigcart,0.3.2,NeoForge,true,cosycritters-0.3.2+1.21.1-neoforge.jar,C:\Users\Lucky56\github\modpacks\mods\cosycritters-0.3.2+1.21.1-neoforge.jar
Crafting Tweaks,BlayTheNinth,21.1.10,NeoForge,true,craftingtweaks-neoforge-1.21.1-21.1.10.jar,C:\Users\Lucky56\github\modpacks\mods\craftingtweaks-neoforge-1.21.1-21.1.10.jar
Crash Assistant,KostromDan,1.11.10,NeoForge,true,CrashAssistant-neoforge-1.20.6-1.21.4-1.11.10.jar,C:\Users\Lucky56\github\modpacks\mods\CrashAssistant-neoforge-1.20.6-1.21.4-1.11.10.jar
Create,simibubi,6.0.10,NeoForge,true,create-1.21.1-6.0.10.jar,C:\Users\Lucky56\github\modpacks\mods\create-1.21.1-6.0.10.jar
Create Aeronautics,Simulated Team,1.3.0,NeoForge,true,create-aeronautics-bundled-1.21.1-1.3.0.jar,C:\Users\Lucky56\github\modpacks\mods\create-aeronautics-bundled-1.21.1-1.3.0.jar
Create: Cardboarded Conveynience,TakeruDavis,1.0.0,NeoForge,true,create-cardboarded-conveynience-1.21.1-neoforge-1.0.0.jar,C:\Users\Lucky56\github\modpacks\mods\create-cardboarded-conveynience-1.21.1-neoforge-1.0.0.jar
Create: Central Kitchen,DragonsPlus,2.5.0,NeoForge,true,create-central-kitchen-2.5.0.jar,C:\Users\Lucky56\github\modpacks\mods\create-central-kitchen-2.5.0.jar
Create: Enchantment Industry,DragonsPlus,2.4.2,NeoForge,true,create-enchantment-industry-2.4.2.jar,C:\Users\Lucky56\github\modpacks\mods\create-enchantment-industry-2.4.2.jar
Create: Integrated Farming,DragonsPlus,1.2.6,NeoForge,true,create-integrated-farming-1.2.6.jar,C:\Users\Lucky56\github\modpacks\mods\create-integrated-farming-1.2.6.jar
Jade Addon: TFMG Compat,Agent772,1.0.0,NeoForge,true,create-jadeaddon-tfmg-compat-1.0.0.jar,C:\Users\Lucky56\github\modpacks\mods\create-jadeaddon-tfmg-compat-1.0.0.jar
Create: More Girder,Agent772,2.1.1,NeoForge,true,create-more-girder-2.1.1-neo.jar,C:\Users\Lucky56\github\modpacks\mods\create-more-girder-2.1.1-neo.jar
CreateBetterFps,MoePus,1.1.4,NeoForge,true,createbetterfps-1.21.1-1.1.4.jar,C:\Users\Lucky56\github\modpacks\mods\createbetterfps-1.21.1-1.1.4.jar
Create Big Cannons,rbasamoyai,5.11.7,NeoForge,true,createbigcannons-5.11.7+mc.1.21.1.jar,C:\Users\Lucky56\github\modpacks\mods\createbigcannons-5.11.7+mc.1.21.1.jar
Create Deco,"Kayla, Talrey, Ordana, Cassian",2.1.3,NeoForge,true,createdeco-2.1.3.jar,C:\Users\Lucky56\github\modpacks\mods\createdeco-2.1.3.jar
Create Diesel Generators,George VI,1.21.1-1.3.14,NeoForge,true,createdieselgenerators-1.21.1-1.3.14.jar,C:\Users\Lucky56\github\modpacks\mods\createdieselgenerators-1.21.1-1.3.14.jar
Create: Dragons Plus,DragonsPlus,1.11.2b,NeoForge,true,CreateDragonsPlus-1.11.2b.jar,C:\Users\Lucky56\github\modpacks\mods\CreateDragonsPlus-1.11.2b.jar
[Furniture] Create/Sable Compat,mistrberry,4.8.17,NeoForge,true,createfurnitureseats-4.8.17.jar,C:\Users\Lucky56\github\modpacks\mods\createfurnitureseats-4.8.17.jar
Create:Lazy Tick,"Authors: PinkCats, Fugit-5414 (Without Order) Contributors: rightlv",2.4.9-6.0.x,NeoForge,true,CreateLazyTick-2.4.9-6.0.x-neoforge-1.21.1.jar,C:\Users\Lucky56\github\modpacks\mods\CreateLazyTick-2.4.9-6.0.x-neoforge-1.21.1.jar
Create More Conveyor,Darudas,1.0.1,NeoForge,true,createmoreconveyor-neoforge-1.21.1-1.0.1.jar,C:\Users\Lucky56\github\modpacks\mods\createmoreconveyor-neoforge-1.21.1-1.0.1.jar
Create Nuclear,Create Nuclear,1.3.2-beta.3,NeoForge,true,createnuclear-1.3.2-beta.3-neoforge.jar,C:\Users\Lucky56\github\modpacks\mods\createnuclear-1.3.2-beta.3-neoforge.jar
Create: Rail Grinding,Juni Knytt,1.2.1,NeoForge,true,createrailgrinding-1.2.1.jar,C:\Users\Lucky56\github\modpacks\mods\createrailgrinding-1.2.1.jar
Create Railways Navigator,MrJulsen,1.21.1-beta-0.9.1-C6,NeoForge,true,createrailwaysnavigator-neoforge-1.21.1-beta-0.9.1-C6.jar,C:\Users\Lucky56\github\modpacks\mods\createrailwaysnavigator-neoforge-1.21.1-beta-0.9.1-C6.jar
Create X Not Enough Trials,Danmatisk,1.0,NeoForge,true,CreateXNET-1.21-v1.0.jar,C:\Users\Lucky56\github\modpacks\mods\CreateXNET-1.21-v1.0.jar
Create: Blocks & Bogies,"Weido's Oddities (@weidos.oddities), teacup (@t__cup), Matt",1.0.7,NeoForge,true,create_bb-1.0.7-1.21.1-Neoforge.jar,C:\Users\Lucky56\github\modpacks\mods\create_bb-1.0.7-1.21.1-Neoforge.jar
Create: Bitterballen,pyzpre,1.0.2C,NeoForge,true,create_bic_bit-1.0.2C.jar,C:\Users\Lucky56\github\modpacks\mods\create_bic_bit-1.0.2C.jar
Create: Compatible Storage,Dadamalda,2.11.0-neoforge,NeoForge,true,create_compatible_storage-2.11.0-neoforge.jar,C:\Users\Lucky56\github\modpacks\mods\create_compatible_storage-2.11.0-neoforge.jar
Create: Connected,Lysine,1.3.2-mc1.21.1,NeoForge,true,create_connected-1.3.2-mc1.21.1.jar,C:\Users\Lucky56\github\modpacks\mods\create_connected-1.3.2-mc1.21.1.jar
Create Hypertube,Rok,0.5.0-ALPHA,NeoForge,true,create_hypertube-0.5.0-ALPHA-NEOFORGE.jar,C:\Users\Lucky56\github\modpacks\mods\create_hypertube-0.5.0-ALPHA-NEOFORGE.jar
Create: Pattern Schematics,Cake,2.0.10,NeoForge,true,create_pattern_schematics-2.0.10.jar,C:\Users\Lucky56\github\modpacks\mods\create_pattern_schematics-2.0.10.jar
Ratatouille,"Forsteri, Thaumstrial, Even",1.3.9-2,NeoForge,true,create_ratatouille-1.21.1-1.3.9-2.jar,C:\Users\Lucky56\github\modpacks\mods\create_ratatouille-1.21.1-1.3.9-2.jar
Create Deep Seas,Maxenonyme,2.2.4,NeoForge,true,create_submarine-2.2.4.jar,C:\Users\Lucky56\github\modpacks\mods\create_submarine-2.2.4.jar
Create: Vibrant Vaults,ZLT,0.3.2,NeoForge,true,create_vibrant_vaults-0.3.2.jar,C:\Users\Lucky56\github\modpacks\mods\create_vibrant_vaults-0.3.2.jar
CreativeCore,CreativeMD,2.13.41,NeoForge,true,CreativeCore_NEOFORGE_v2.13.41_mc1.21.1.jar,C:\Users\Lucky56\github\modpacks\mods\CreativeCore_NEOFORGE_v2.13.41_mc1.21.1.jar
Creature Feature,"AtiredDev, Team Galena",1.1.0,NeoForge,true,creaturefeature-1.1.0.jar,C:\Users\Lucky56\github\modpacks\mods\creaturefeature-1.1.0.jar
Creeper Overhaul,"Artist/Creator - Joosh, Dev - ThatGravyBoat",4.0.6,NeoForge,true,CreeperOverhaul-neoforge-1.21.1-4.0.6.jar,C:\Users\Lucky56\github\modpacks\mods\CreeperOverhaul-neoforge-1.21.1-4.0.6.jar
Critters and Companions,"Joosh, EterDelta",1.21.1-2.4.1,NeoForge,true,crittersandcompanions-neoforge-1.21.1-2.4.1.jar,C:\Users\Lucky56\github\modpacks\mods\crittersandcompanions-neoforge-1.21.1-2.4.1.jar
Cupboard mod,Someaddon,3.8,NeoForge,true,cupboard-1.21.1-3.8.jar,C:\Users\Lucky56\github\modpacks\mods\cupboard-1.21.1-3.8.jar
Curios API,C4,9.5.1+1.21.1,NeoForge,true,curios-neoforge-9.5.1+1.21.1.jar,C:\Users\Lucky56\github\modpacks\mods\curios-neoforge-9.5.1+1.21.1.jar
Cut Through,Fuzs,21.1.0,NeoForge,true,CutThrough-v21.1.0-1.21.1-NeoForge.jar,C:\Users\Lucky56\github\modpacks\mods\CutThrough-v21.1.0-1.21.1-NeoForge.jar
Cubes Without Borders,Kir_Antipov,3.0.0+mc1.21,NeoForge,true,cwb-neoforge-3.0.0+mc1.21.jar,C:\Users\Lucky56\github\modpacks\mods\cwb-neoforge-3.0.0+mc1.21.jar
Coop Moves,Anteryo,2.0.0,Fabric,true,DAP ur HOMIE (Bully ur Homie).jar,C:\Users\Lucky56\github\modpacks\mods\DAP ur HOMIE (Bully ur Homie).jar
Darker Depths,"Naterbobber, Blackgear, Toxteer, Orcinus",2.1.4,NeoForge,true,darkerdepths-2.1.4.jar,C:\Users\Lucky56\github\modpacks\mods\darkerdepths-2.1.4.jar
DarkPaintings,Darkhax,21.1.7,NeoForge,true,darkpaintings-neoforge-1.21.1-21.1.7.jar,C:\Users\Lucky56\github\modpacks\mods\darkpaintings-neoforge-1.21.1-21.1.7.jar
Data Anchor,Corgi Taco,2.0.0.13,NeoForge,true,Data_Anchor-neoforge-1.21.1-2.0.0.13.jar,C:\Users\Lucky56\github\modpacks\mods\Data_Anchor-neoforge-1.21.1-2.0.0.13.jar
Deep Aether,RazorDevs,1.21.1-1.1.5.1,NeoForge,true,deep_aether-1.21.1-1.1.5.1.jar,C:\Users\Lucky56\github\modpacks\mods\deep_aether-1.21.1-1.1.5.1.jar
Default Options,BlayTheNinth,21.1.7,NeoForge,true,defaultoptions-neoforge-1.21.1-21.1.7.jar,C:\Users\Lucky56\github\modpacks\mods\defaultoptions-neoforge-1.21.1-21.1.7.jar
Deployer,"Liukrast, SWZO",0.1.2,NeoForge,true,deployer-0.1.2.jar,C:\Users\Lucky56\github\modpacks\mods\deployer-0.1.2.jar
Design n' Decor,"LopyLuna, DrMangoTea",2.2b,NeoForge,true,Design-n-Decor-1.21.1-2.2b.jar,C:\Users\Lucky56\github\modpacks\mods\Design-n-Decor-1.21.1-2.2b.jar
KubeJS Diesel Generators,BluePHS,1.21.1-1.1.5,NeoForge,true,dg_js-1.21.1-1.1.5.jar,C:\Users\Lucky56\github\modpacks\mods\dg_js-1.21.1-1.1.5.jar
Dimensional Tears,Ordana,1.21.1-0.2.1,NeoForge,true,dimensional_tears-neoforge-1.21.1-0.2.1.jar,C:\Users\Lucky56\github\modpacks\mods\dimensional_tears-neoforge-1.21.1-0.2.1.jar
Distant Friends,"Mrbysco, ShyNieke",0.9.5,NeoForge,true,DistantFriends-neoforge-1.21.1-0.9.5.jar,C:\Users\Lucky56\github\modpacks\mods\DistantFriends-neoforge-1.21.1-0.9.5.jar
Distant Horizons,"James Seibel, Leonardo Amato, Cola, coolGi, Ran, Leetom, pshsh",3.1.2-b,"NeoForge, Fabric",true,DistantHorizons-3.1.2-b-1.21.1-fabric-neoforge.jar,C:\Users\Lucky56\github\modpacks\mods\DistantHorizons-3.1.2-b-1.21.1-fabric-neoforge.jar
Create: Dreams n' Desires,LopyLuna,2.3a-BETA,NeoForge,true,DnDesires-1.21.1-2.3a-BETA.jar,C:\Users\Lucky56\github\modpacks\mods\DnDesires-1.21.1-2.3a-BETA.jar
Doom & Gloom,Team Galena,3.0.1,NeoForge,true,doom_and_gloom-forge-3.0.1.jar,C:\Users\Lucky56\github\modpacks\mods\doom_and_gloom-forge-3.0.1.jar
DragonLib,MrJulsen,1.21.1-beta-3.0.28,NeoForge,true,dragonlib-neoforge-1.21.1-beta-3.0.28.jar,C:\Users\Lucky56\github\modpacks\mods\dragonlib-neoforge-1.21.1-beta-3.0.28.jar
Dramatic Doors,FizzWare,1.21.1-3.3.2,"NeoForge, Fabric",true,DramaticDoors-NeoQuiFab-1.21.1-3.3.2.jar,C:\Users\Lucky56\github\modpacks\mods\DramaticDoors-NeoQuiFab-1.21.1-3.3.2.jar
MmmMmmMmmMmm,"Mehvahdjukaar, Bonusboni, Gooigipunch, Plantkillable",1.21-2.0.12,NeoForge,true,dummmmmmy-1.21-2.0.12-neoforge.jar,C:\Users\Lucky56\github\modpacks\mods\dummmmmmy-1.21-2.0.12-neoforge.jar
Dungeons and Taverns Desert Temple Replacement,"NovaWostra, Konci, Walls",1-v1.2,NeoForge,true,dungeons-and-taverns-desert-temple-replacement-v1.2.jar,C:\Users\Lucky56\github\modpacks\mods\dungeons-and-taverns-desert-temple-replacement-v1.2.jar
Dungeons and Taverns Nether Fortress Overhaul,"NovaWostra, Konci, Walls",1-v2.4,NeoForge,true,dungeons-and-taverns-nether-fortress-overhaul-v2.4.jar,C:\Users\Lucky56\github\modpacks\mods\dungeons-and-taverns-nether-fortress-overhaul-v2.4.jar
Dungeons and Taverns Ocean Monument Replacement,"NovaWostra, Konci, Walls",1-v1.2,NeoForge,true,dungeons-and-taverns-ocean-monument-replacement-v1.2.jar,C:\Users\Lucky56\github\modpacks\mods\dungeons-and-taverns-ocean-monument-replacement-v1.2.jar
Dungeons and Taverns Pillager Outpost Overhaul,"NovaWostra, Konci, Walls",1-v2.2,NeoForge,true,dungeons-and-taverns-pillager-outpost-overhaul-v2.2.jar,C:\Users\Lucky56\github\modpacks\mods\dungeons-and-taverns-pillager-outpost-overhaul-v2.2.jar
Dungeons and Taverns Swamp Hut Overhaul,"NovaWostra, Konci, Walls",1-v2,NeoForge,true,dungeons-and-taverns-swamp-hut-overhaul-v2.jar,C:\Users\Lucky56\github\modpacks\mods\dungeons-and-taverns-swamp-hut-overhaul-v2.jar
Dungeons and Taverns,"NovaWostra, Konci, Walls",1-v4.4.4,NeoForge,true,dungeons-and-taverns-v4.4.4.jar,C:\Users\Lucky56\github\modpacks\mods\dungeons-and-taverns-v4.4.4.jar
Durability Tooltip,SuperMartijn642,1.1.6,NeoForge,true,durabilitytooltip-1.1.6-neoforge-mc1.21.jar,C:\Users\Lucky56\github\modpacks\mods\durabilitytooltip-1.1.6-neoforge-mc1.21.jar
Dyenamics,"LobsterJonn, Hekera, Reda, Cait",1.21.1-3.4.2,NeoForge,true,dyenamics-1.21.1-3.4.2.jar,C:\Users\Lucky56\github\modpacks\mods\dyenamics-1.21.1-3.4.2.jar
Dyenamics and Friends,LobsterJonn,1.21.1-2.2.2,NeoForge,true,dyenamicsandfriends-1.21.1-2.2.2.jar,C:\Users\Lucky56\github\modpacks\mods\dyenamicsandfriends-1.21.1-2.2.2.jar
Dye Depot,"Yapetto, Ninni",2.1.0,NeoForge,true,dye_depot-2.1.0.jar,C:\Users\Lucky56\github\modpacks\mods\dye_depot-2.1.0.jar
Dye The World!,possible_triangle,2.3.2,NeoForge,true,dye_the_world-2.3.2.jar,C:\Users\Lucky56\github\modpacks\mods\dye_the_world-2.3.2.jar
Dynamic FPS,juliand665 & LostLuma,3.11.4,NeoForge,true,dynamic-fps-3.11.4+minecraft-1.21.0-neoforge.jar,C:\Users\Lucky56\github\modpacks\mods\dynamic-fps-3.11.4+minecraft-1.21.0-neoforge.jar
Dynamic Crosshair,Crendgrim,9.11,NeoForge,true,dynamiccrosshair-9.11+1.21.1-neoforge.jar,C:\Users\Lucky56\github\modpacks\mods\dynamiccrosshair-9.11+1.21.1-neoforge.jar
Particle Interactions,Enchanted_Games,0.4.1,NeoForge,true,eg_particle_interactions-0.4.1-neoforge-mc1.21.1.jar,C:\Users\Lucky56\github\modpacks\mods\eg_particle_interactions-0.4.1-neoforge-mc1.21.1.jar
Elytra Drag,bl4st,0.4-1.21+,Fabric,true,elytra-drag-0.4-1.21+.jar,C:\Users\Lucky56\github\modpacks\mods\elytra-drag-0.4-1.21+.jar
Elytra Trims,KikuGie,3.10.0,NeoForge,true,elytratrims-neoforge-3.10.0+1.21.1.jar,C:\Users\Lucky56\github\modpacks\mods\elytratrims-neoforge-3.10.0+1.21.1.jar
Elytra Trims Extensions,KikuGie,2.2.2,NeoForge,true,elytratrims_extensions-neoforge-2.2.2.jar,C:\Users\Lucky56\github\modpacks\mods\elytratrims_extensions-neoforge-2.2.2.jar
EMI,Emi,1.1.24+1.21.1+neoforge,NeoForge,true,emi-1.1.24+1.21.1+neoforge.jar,C:\Users\Lucky56\github\modpacks\mods\emi-1.1.24+1.21.1+neoforge.jar
EMI++,ConcerroX,2.0.0,NeoForge,true,emixx-2.0.0.jar,C:\Users\Lucky56\github\modpacks\mods\emixx-2.0.0.jar
Create: EMI Schematics,"LiukRast, swzo",1.1.0,NeoForge,true,emi_create_schematics-1.1.0.jar,C:\Users\Lucky56\github\modpacks\mods\emi_create_schematics-1.1.0.jar
EMI Enchanting,fzzyhmstrs,0.1.2+1.21+neoforge,NeoForge,true,emi_enchanting-0.1.2+1.21+neoforge.jar,C:\Users\Lucky56\github\modpacks\mods\emi_enchanting-0.1.2+1.21+neoforge.jar
EMI Ores,Abbie,1.3+1.21.1+neoforge,NeoForge,true,emi_ores-1.3+1.21.1+neoforge.jar,C:\Users\Lucky56\github\modpacks\mods\emi_ores-1.3+1.21.1+neoforge.jar
Emojiful,HRZN,5.2.3,NeoForge,true,Emojiful-Neoforge-1.21-5.2.3-all.jar,C:\Users\Lucky56\github\modpacks\mods\Emojiful-Neoforge-1.21-5.2.3-all.jar
EnchantmentDescriptions,Darkhax,21.1.10,NeoForge,true,enchdesc-neoforge-1.21.1-21.1.10.jar,C:\Users\Lucky56\github\modpacks\mods\enchdesc-neoforge-1.21.1-21.1.10.jar
Enchantment Sort,Locus_Natit,2.2.2,NeoForge,true,enchsort-1.21.1-2.2.2-all.jar,C:\Users\Lucky56\github\modpacks\mods\enchsort-1.21.1-2.2.2-all.jar
Enderman Overhaul,"Alex Nijjar, Joosh",2.0.3,NeoForge,true,endermanoverhaul-neoforge-1.21.1-2.0.3.jar,C:\Users\Lucky56\github\modpacks\mods\endermanoverhaul-neoforge-1.21.1-2.0.3.jar
Enderscape,"lunarbunten, hivye, Konci, Ninni, Orcinus, Luke Bemish",1.0.9,NeoForge,true,enderscape-neoforge-1.0.9+mc1.21.1.jar,C:\Users\Lucky56\github\modpacks\mods\enderscape-neoforge-1.0.9+mc1.21.1.jar
End Remastered,Jack Bagel,6.0.2,NeoForge,true,endrem-neoforge-1.21.X-6.0.2.jar,C:\Users\Lucky56\github\modpacks\mods\endrem-neoforge-1.21.X-6.0.2.jar
End's Delight,FoggyHillside,2.6.1+neoforge.1.21.1,NeoForge,true,ends_delight-2.6.1+neoforge.1.21.1.jar,C:\Users\Lucky56\github\modpacks\mods\ends_delight-2.6.1+neoforge.1.21.1.jar
Enhanced Player List,Decrypt,1.0.2,NeoForge,true,enhancedplayerlist-1.0.2.jar,C:\Users\Lucky56\github\modpacks\mods\enhancedplayerlist-1.0.2.jar
Entity Model Features,Traben,3.2.4,NeoForge,true,entity_model_features-3.2.4-1.21-neoforge.jar,C:\Users\Lucky56\github\modpacks\mods\entity_model_features-3.2.4-1.21-neoforge.jar
Entity Sound Features,Traben,0.8.1,NeoForge,true,entity_sound_features-0.8.1-1.21-neoforge.jar,C:\Users\Lucky56\github\modpacks\mods\entity_sound_features-0.8.1-1.21-neoforge.jar
Entity Texture Features,Traben,7.1,NeoForge,true,entity_texture_features_1.21-neoforge-7.1.jar,C:\Users\Lucky56\github\modpacks\mods\entity_texture_features_1.21-neoforge-7.1.jar
Environmental,Team Abnormals,5.0.1,NeoForge,true,environmental-1.21.1-5.0.1.jar,C:\Users\Lucky56\github\modpacks\mods\environmental-1.21.1-5.0.1.jar
Create: Escalated,rbasamoyai,1.3.1,NeoForge,true,escalated-1.3.1-mc.1.21.1.jar,C:\Users\Lucky56\github\modpacks\mods\escalated-1.3.1-mc.1.21.1.jar
Every Compat,"MehVahdJukaar, Xel'Bayria, WenXin2",1.21-2.11.46,NeoForge,false,everycomp-1.21-2.11.46-neoforge.jar.disabled,C:\Users\Lucky56\github\modpacks\mods\everycomp-1.21-2.11.46-neoforge.jar.disabled
Explosive Enhancement,Xylonity,1.1.2,NeoForge,true,explosiveenhancement-neoforge-1.21.1-1.1.2.jar,C:\Users\Lucky56\github\modpacks\mods\explosiveenhancement-neoforge-1.21.1-1.1.2.jar
Exposure,mortuusars,1.9.18,NeoForge,true,exposure-neoforge-1.21.1-1.9.18.jar,C:\Users\Lucky56\github\modpacks\mods\exposure-neoforge-1.21.1-1.9.18.jar
Exposure: Detective,MineBlock1305,1.0.1,NeoForge,true,ExposureDetective-1.21.1-1.0.1.jar,C:\Users\Lucky56\github\modpacks\mods\ExposureDetective-1.21.1-1.0.1.jar
Exposure: Expanded,"Sparkwave, JohnRamRu",1.0.1,NeoForge,true,exposure_expanded-neoforge-1.0.1.jar,C:\Users\Lucky56\github\modpacks\mods\exposure_expanded-neoforge-1.0.1.jar
Exposure Polaroid,mortuusars,1.1.5,NeoForge,true,exposure_polaroid-neoforge-1.21.1-1.1.5.jar,C:\Users\Lucky56\github\modpacks\mods\exposure_polaroid-neoforge-1.21.1-1.1.5.jar
Create: Extra Gauges,"Liukrast, Francywott",2.1.2,NeoForge,true,extra_gauges-2.1.2.jar,C:\Users\Lucky56\github\modpacks\mods\extra_gauges-2.1.2.jar
Fabric API,FabricMC,0.116.12+1.21.1,Fabric,false,fabric-api-0.116.12+1.21.1.jar.disabled,C:\Users\Lucky56\github\modpacks\mods\fabric-api-0.116.12+1.21.1.jar.disabled
FancyMenu,Keksuccino,3.9.1,NeoForge,true,fancymenu_neoforge_3.9.1_MC_1.21.1.jar,C:\Users\Lucky56\github\modpacks\mods\fancymenu_neoforge_3.9.1_MC_1.21.1.jar
Farmer's Delight,vectorwing,1.3.2,NeoForge,true,FarmersDelight-1.21.1-1.3.2.jar,C:\Users\Lucky56\github\modpacks\mods\FarmersDelight-1.21.1-1.3.2.jar
fastasyncworldsave mod,Someaddon,2.6,NeoForge,true,fastasyncworldsave-1.21-2.6.jar,C:\Users\Lucky56\github\modpacks\mods\fastasyncworldsave-1.21-2.6.jar
FastFurnace,Shadows_of_Fire,9.0.1,NeoForge,true,FastFurnace-1.21.1-9.0.1.jar,C:\Users\Lucky56\github\modpacks\mods\FastFurnace-1.21.1-9.0.1.jar
Fast Item Frames,Fuzs,21.1.6,NeoForge,true,FastItemFrames-v21.1.6-1.21.1-NeoForge..jar,C:\Users\Lucky56\github\modpacks\mods\FastItemFrames-v21.1.6-1.21.1-NeoForge..jar
Fast Paintings,MehVahdJukaar,1.21-1.3.0,NeoForge,true,fastpaintings-1.21-1.3.0-neoforge..jar,C:\Users\Lucky56\github\modpacks\mods\fastpaintings-1.21-1.3.0-neoforge..jar
Fast Suite,Shadows_of_Fire,6.0.7,NeoForge,true,FastSuite-1.21.1-6.0.7.jar,C:\Users\Lucky56\github\modpacks\mods\FastSuite-1.21.1-6.0.7.jar
Fast Workbench,Shadows_of_Fire,9.1.3,NeoForge,true,FastWorkbench-1.21.1-9.1.3.jar,C:\Users\Lucky56\github\modpacks\mods\FastWorkbench-1.21.1-9.1.3.jar
Ferrite Core,malte0811,7.0.3,NeoForge,true,ferritecore-7.0.3-neoforge..jar,C:\Users\Lucky56\github\modpacks\mods\ferritecore-7.0.3-neoforge..jar
Field Guide,"Evan, Kobber",1.13.0,NeoForge,true,fieldguide-neoforge-1.21.1-1.13.0.jar,C:\Users\Lucky56\github\modpacks\mods\fieldguide-neoforge-1.21.1-1.13.0.jar
Fixed Villager Trades,Qu,1.2.2,Fabric,true,fixed-villager-trades-1.2.2..jar,C:\Users\Lucky56\github\modpacks\mods\fixed-villager-trades-1.2.2..jar
Flerovium,MoePus,1.1.1,NeoForge,true,flerovium-neoforge-1.21.1-1.1.1-all.jar,C:\Users\Lucky56\github\modpacks\mods\flerovium-neoforge-1.21.1-1.1.1-all.jar
Fog,"IMB11,Steveplays",1.11.0-1.21.1,NeoForge,true,Fog-neoforge-1.11.0-1.21.1..jar,C:\Users\Lucky56\github\modpacks\mods\Fog-neoforge-1.11.0-1.21.1..jar
Forgified Fabric API,"Sinytra, FabricMC",0.116.7+2.2.4+1.21.1,NeoForge,true,forgified-fabric-api-0.116.7+2.2.4+1.21.1..jar,C:\Users\Lucky56\github\modpacks\mods\forgified-fabric-api-0.116.7+2.2.4+1.21.1..jar
Fragmentum,Obscuria,2.2.4,NeoForge,true,fragmentum-neoforge-1.21.1-2.2.4.jar,C:\Users\Lucky56\github\modpacks\mods\fragmentum-neoforge-1.21.1-2.2.4.jar
Framework,MrCrayfish,0.13.11,NeoForge,true,framework-neoforge-1.21.1-0.13.11.jar,C:\Users\Lucky56\github\modpacks\mods\framework-neoforge-1.21.1-0.13.11.jar
Friends&Foes,Faboslav,4.0.26,NeoForge,true,friendsandfoes-neoforge-4.0.26+mc1.21.1.jar,C:\Users\Lucky56\github\modpacks\mods\friendsandfoes-neoforge-4.0.26+mc1.21.1.jar
FTB Backups 3,FTB Team,21.1.5,NeoForge,true,ftb-backups-3-21.1.5.jar,C:\Users\Lucky56\github\modpacks\mods\ftb-backups-3-21.1.5.jar
FTB Essentials,FTB Team,2101.1.9,NeoForge,true,ftb-essentials-neoforge-2101.1.9.jar,C:\Users\Lucky56\github\modpacks\mods\ftb-essentials-neoforge-2101.1.9.jar
FTB Library,FTB Team,2101.1.32,NeoForge,true,ftb-library-neoforge-2101.1.32.jar,C:\Users\Lucky56\github\modpacks\mods\ftb-library-neoforge-2101.1.32.jar
Fzzy Config,fzzyhmstrs,0.7.6+1.21+neoforge,NeoForge,true,fzzy_config-0.7.6+1.21+neoforge..jar,C:\Users\Lucky56\github\modpacks\mods\fzzy_config-0.7.6+1.21+neoforge..jar
Gallery,Team Abnormals,2.0.1,NeoForge,true,gallery-1.21.1-2.0.1.jar,C:\Users\Lucky56\github\modpacks\mods\gallery-1.21.1-2.0.1.jar
Gardens of the Dead,ochotonida,5.0.2,NeoForge,true,gardens-of-the-dead-neoforge-5.0.2..jar,C:\Users\Lucky56\github\modpacks\mods\gardens-of-the-dead-neoforge-5.0.2..jar
GeckoLib 4,"Gecko, Eliot, AzureDoom, DerToaster, Tslat, Witixin",4.9.1,NeoForge,true,geckolib-neoforge-1.21.1-4.9.1.jar,C:\Users\Lucky56\github\modpacks\mods\geckolib-neoforge-1.21.1-4.9.1.jar
Gems Realm,"Xel'Bayria, MehVahdJukaar",1.21-2.11.3,NeoForge,false,gemsrealm-1.21-2.11.3-neoforge.jar.disabled,C:\Users\Lucky56\github\modpacks\mods\gemsrealm-1.21-2.11.3-neoforge.jar.disabled
Geophilic,bebebea_loste,3.6,"NeoForge, Forge, Fabric, Quilt",true,Geophilic v3.6.mod.jar,C:\Users\Lucky56\github\modpacks\mods\Geophilic v3.6.mod.jar
Geophilic Backport,Aarods,1.3.3,"NeoForge, Fabric",true,GeophilicBackported-v1.3.3 1.21.1.jar,C:\Users\Lucky56\github\modpacks\mods\GeophilicBackported-v1.3.3 1.21.1.jar
GlitchCore,Adubbz,2.1.0.2,NeoForge,true,GlitchCore-neoforge-1.21.1-2.1.0.2.jar,C:\Users\Lucky56\github\modpacks\mods\GlitchCore-neoforge-1.21.1-2.1.0.2.jar
Gnetum,decce,3.3.6,NeoForge,true,gnetum-3.3.6.jar,C:\Users\Lucky56\github\modpacks\mods\gnetum-3.3.6.jar
Gears n' Kinetics,LopyLuna,1.0m,NeoForge,true,GnKinetics-1.21.1-1.0m..jar,C:\Users\Lucky56\github\modpacks\mods\GnKinetics-1.21.1-1.0m..jar
Gpu memory leak fix,Someaddon,1.8,NeoForge,true,gpumemleakfix-1.21-1.8.jar,C:\Users\Lucky56\github\modpacks\mods\gpumemleakfix-1.21-1.8.jar
Handcrafted,"Alex Nijjar, Kekie6",4.0.3,NeoForge,true,handcrafted-neoforge-1.21.1-4.0.3..jar,C:\Users\Lucky56\github\modpacks\mods\handcrafted-neoforge-1.21.1-4.0.3..jar
Hardcore Revival,BlayTheNinth,21.1.15,NeoForge,true,hardcorerevival-neoforge-1.21.1-21.1.15.jar,C:\Users\Lucky56\github\modpacks\mods\hardcorerevival-neoforge-1.21.1-21.1.15.jar
Heartstone,"MehVahdJukaar, Plantkillable",1.21-1.3.1,NeoForge,true,heartstone-1.21-1.3.1-neoforge..jar,C:\Users\Lucky56\github\modpacks\mods\heartstone-1.21-1.3.1-neoforge..jar
Held Item Tooltips,Fuzs,21.1.0,NeoForge,true,HeldItemTooltips-v21.1.0-1.21.1-NeoForge..jar,C:\Users\Lucky56\github\modpacks\mods\HeldItemTooltips-v21.1.0-1.21.1-NeoForge..jar
Horseman,mortuusars,1.5.11,NeoForge,true,horseman-neoforge-1.21.1-1.5.11.jar,C:\Users\Lucky56\github\modpacks\mods\horseman-neoforge-1.21.1-1.5.11.jar
Iceberg,Grend,1.3.2,NeoForge,true,Iceberg-1.21.1-neoforge-1.3.2..jar,C:\Users\Lucky56\github\modpacks\mods\Iceberg-1.21.1-neoforge-1.3.2..jar
Illager Invasion,"Dricky, Safro, Zeckemith, Fuzs",21.1.6,NeoForge,true,IllagerInvasion-v21.1.6-1.21.1-NeoForge..jar,C:\Users\Lucky56\github\modpacks\mods\IllagerInvasion-v21.1.6-1.21.1-NeoForge..jar
I'm Fast,Bielhiss,1.0.2,NeoForge,true,imfast-NEOFORGE-1.0.2...jar,C:\Users\Lucky56\github\modpacks\mods\imfast-NEOFORGE-1.0.2...jar
ImmediatelyFast,RK_01,1.6.10+1.21.1,NeoForge,true,ImmediatelyFast-NeoForge-1.6.10+1.21.1...jar,C:\Users\Lucky56\github\modpacks\mods\ImmediatelyFast-NeoForge-1.6.10+1.21.1...jar
Immersive Hotbar,DerpDerpling,1.1.1-neoforge-1.21.1-BETA,NeoForge,true,immersivehotbar-1.1.1-neoforge-1.21-1.21.1...jar,C:\Users\Lucky56\github\modpacks\mods\immersivehotbar-1.1.1-neoforge-1.21-1.21.1...jar
Immersive Overlays,"cassiancc, noelledotjpg",1.7.2+1.21.1,NeoForge,true,immersiveoverlays-1.7.2+1.21.1-neoforge.jar,C:\Users\Lucky56\github\modpacks\mods\immersiveoverlays-1.7.2+1.21.1-neoforge.jar
Immersive Thunder,netcatgirl,1.21.1+1.2.2,Fabric,true,ImmersiveThunder-1.21.1+1.2.2...jar,C:\Users\Lucky56\github\modpacks\mods\ImmersiveThunder-1.21.1+1.2.2...jar
ImmersiveUI,OctoStudios,0.3.3,NeoForge,true,ImmersiveUI-NEOFORGE-0.3.3+1.21.1...jar,C:\Users\Lucky56\github\modpacks\mods\ImmersiveUI-NEOFORGE-0.3.3+1.21.1...jar
Immersive Melodies,Luke100000,0.6.4+1.21.1,NeoForge,true,immersive_melodies-neoforge-0.6.4+1.21.1.jar,C:\Users\Lucky56\github\modpacks\mods\immersive_melodies-neoforge-0.6.4+1.21.1.jar
Immersive Optimization,Luke100000,0.1.6,NeoForge,true,immersive_optimization-neoforge-1.21-0.1.6.jar,C:\Users\Lucky56\github\modpacks\mods\immersive_optimization-neoforge-1.21-0.1.6.jar
Immersive Paintings,Luke100000,0.7.8,NeoForge,true,immersive_paintings-neoforge-1.21.1-0.7.8.jar,C:\Users\Lucky56\github\modpacks\mods\immersive_paintings-neoforge-1.21.1-0.7.8.jar
Incendium,Stardust Labs,5.4.3,"NeoForge, Forge, Fabric, Quilt",true,Incendium_1.21.x_v5.4.4...jar,C:\Users\Lucky56\github\modpacks\mods\Incendium_1.21.x_v5.4.4...jar
Incubation,Team Abnormals,5.0.2,NeoForge,true,incubation-1.21.1-5.0.2...jar,C:\Users\Lucky56\github\modpacks\mods\incubation-1.21.1-5.0.2...jar
Iris,"coderbot, IMS212",1.8.14-beta.1+mc1.21.1,NeoForge,true,iris-neoforge-1.8.14-beta.1+mc1.21.1.jar,C:\Users\Lucky56\github\modpacks\mods\iris-neoforge-1.8.14-beta.1+mc1.21.1.jar
Item Obliterator,"ElocinDev, Recon1991, UQuark",2.3.0,NeoForge,true,Item-Obliterator-NeoForge-MC1.21.1-2.3.0.jar,C:\Users\Lucky56\github\modpacks\mods\Item-Obliterator-NeoForge-MC1.21.1-2.3.0.jar
Item Zoomer,iMeeTake,2.2.1-1.21.1,NeoForge,true,itemzoomer-neoforge-2.2.1-1.21.1.jar,C:\Users\Lucky56\github\modpacks\mods\itemzoomer-neoforge-2.2.1-1.21.1.jar
Item Descriptions,cassiancc,2.8.0+1.21.1,"NeoForge, Fabric",true,item_descriptions-2.8.0+1.21.1-neoforge.jar,C:\Users\Lucky56\github\modpacks\mods\item_descriptions-2.8.0+1.21.1-neoforge.jar
Jade,Snownee,15.10.5+neoforge,NeoForge,true,Jade-1.21.1-NeoForge-15.10.5...jar,C:\Users\Lucky56\github\modpacks\mods\Jade-1.21.1-NeoForge-15.10.5...jar
Jade Addons,Snownee,6.1.0+neoforge,NeoForge,true,JadeAddons-1.21.1-NeoForge-6.1.0...jar,C:\Users\Lucky56\github\modpacks\mods\JadeAddons-1.21.1-NeoForge-6.1.0...jar
JamLib,Jamalam,1.3.6+1.21.1,NeoForge,true,jamlib-neoforge-1.3.6+1.21.1.jar,C:\Users\Lucky56\github\modpacks\mods\jamlib-neoforge-1.3.6+1.21.1.jar
Just Enough Effects Descriptions,MehVahdJukaar,1.21-2.3.2,NeoForge,true,jeed-1.21-2.3.2.jar,C:\Users\Lucky56\github\modpacks\mods\jeed-1.21-2.3.2.jar
Journeymap,"Techbrew, Mysticdrew",1.21.1-6.0.0,"NeoForge, Fabric",true,journeymap-neoforge-1.21.1-6.0.0.jar,C:\Users\Lucky56\github\modpacks\mods\journeymap-neoforge-1.21.1-6.0.0.jar
Just Enough Breeding,Christofmeg,3.1.0,NeoForge,true,justenoughbreeding-neoforge-1.21.1-3.1.0.jar,C:\Users\Lucky56\github\modpacks\mods\justenoughbreeding-neoforge-1.21.1-3.1.0.jar
Kaleidoscope Cookery,"ysbbbbbb, tartaric_acid, Azumic",1.4.1-neoforge+mc1.21.1,NeoForge,true,kaleidoscopecookery-1.4.1-neoforge+mc1.21.1.jar,C:\Users\Lucky56\github\modpacks\mods\kaleidoscopecookery-1.4.1-neoforge+mc1.21.1.jar
Kaleidoscope Tavern,"ysbbbbbb, tartaric_acid",1.1.2-neoforge+mc1.21.1,NeoForge,true,kaleidoscopetavern-1.1.2-neoforge+mc1.21.1.jar,C:\Users\Lucky56\github\modpacks\mods\kaleidoscopetavern-1.1.2-neoforge+mc1.21.1.jar
Kaleidoscope End,-,1.0.14-neoforge+mc1.21.1,NeoForge,true,kaleidoscope_end-1.0.14-neoforge+mc1.21.1.jar,C:\Users\Lucky56\github\modpacks\mods\kaleidoscope_end-1.0.14-neoforge+mc1.21.1.jar
Kaleidoscope Nether,-,1.1.4-neoforge+mc1.21.1,NeoForge,true,kaleidoscope_nether-1.1.4-neoforge+mc1.21.1.jar,C:\Users\Lucky56\github\modpacks\mods\kaleidoscope_nether-1.1.4-neoforge+mc1.21.1.jar
Kiwi Library,Snownee,15.8.4+neoforge,NeoForge,true,Kiwi-1.21.1-NeoForge-15.8.4.jar,C:\Users\Lucky56\github\modpacks\mods\Kiwi-1.21.1-NeoForge-15.8.4.jar
Konkrete,Keksuccino,1.9.9,NeoForge,true,konkrete_neoforge_1.9.9_MC_1.21...jar,C:\Users\Lucky56\github\modpacks\mods\konkrete_neoforge_1.9.9_MC_1.21...jar
kotlinforforge-5.12.0-all,-,-,-,true,kotlinforforge-5.12.0-all.jar,C:\Users\Lucky56\github\modpacks\mods\kotlinforforge-5.12.0-all.jar
Krypton FNP,"404, tuxed",0.2.28.1-1.21.1,NeoForge,true,krypton_fnp-neoforge-1.21.1-0.2.28.1-1.21.1.jar,C:\Users\Lucky56\github\modpacks\mods\krypton_fnp-neoforge-1.21.1-0.2.28.1-1.21.1.jar
KubeJS Create,latvian.dev,2101.3.1-build.18,NeoForge,true,kubejs-create-neoforge-2101.3.1-build.18...jar,C:\Users\Lucky56\github\modpacks\mods\kubejs-create-neoforge-2101.3.1-build.18...jar
KubeJS,latvian.dev,2101.7.2-build.368,NeoForge,true,kubejs-neoforge-2101.7.2-build.368.jar,C:\Users\Lucky56\github\modpacks\mods\kubejs-neoforge-2101.7.2-build.368.jar
KubeJSDelight,"QinomeD, Bob Varioa",1.1.6,NeoForge,true,kubejsdelight-1.1.6.jar,C:\Users\Lucky56\github\modpacks\mods\kubejsdelight-1.1.6.jar
Storage Labels,"MehVahdJukaar, Plantkillable",1.21-2.0.3,NeoForge,true,labels-1.21-2.0.3-neoforge...jar,C:\Users\Lucky56\github\modpacks\mods\labels-1.21-2.0.3-neoforge...jar
LambDynamicLights,LambdAurora,4.8.10+1.21.1,"NeoForge, Fabric",true,lambdynamiclights-4.8.10+1.21.1.jar,C:\Users\Lucky56\github\modpacks\mods\lambdynamiclights-4.8.10+1.21.1.jar
leaky mod,Someaddon,2.4,NeoForge,true,leaky-1.21-2.4.jar,C:\Users\Lucky56\github\modpacks\mods\leaky-1.21-2.4.jar
lever drugster,-,1.8.4,NeoForge,true,lever-drugster-1.8.4.jar,C:\Users\Lucky56\github\modpacks\mods\lever-drugster-1.8.4.jar
Liberty's Villagers,gitsh01,1.0.15+fabric+1.21,Fabric,true,liberty-villagers-mod-1.0.15+fabric+1.21...jar,C:\Users\Lucky56\github\modpacks\mods\liberty-villagers-mod-1.0.15+fabric+1.21...jar
Life-Size Bdubs,Superkat32,1.0.5,NeoForge,true,lifesizebdubs-1.0.5.jar,C:\Users\Lucky56\github\modpacks\mods\lifesizebdubs-1.0.5.jar
Lift n' Load,LopyLuna,1.0c,NeoForge,true,Lift-n-Load-1.21.1-1.0c.jar,C:\Users\Lucky56\github\modpacks\mods\Lift-n-Load-1.21.1-1.0c.jar
limitedchunks mod,Someaddon,4.1,"NeoForge, Forge",true,limitedchunks-1.21-4.1.jar,C:\Users\Lucky56\github\modpacks\mods\limitedchunks-1.21-4.1.jar
Lithium,"2No2Name, JellySquid",0.15.4+mc1.21.1,NeoForge,true,lithium-neoforge-0.15.4+mc1.21.1.jar,C:\Users\Lucky56\github\modpacks\mods\lithium-neoforge-0.15.4+mc1.21.1.jar
Lithostitched,Apollo,1.7.12,NeoForge,true,lithostitched-1.7.12-neoforge-21.1.jar,C:\Users\Lucky56\github\modpacks\mods\lithostitched-1.7.12-neoforge-21.1.jar
Load My F***ing Tags,Blodhgarm,1.1.1+1.21.9,"NeoForge, Forge",true,lmft-1.1.1+1.21.9-neoforge...jar,C:\Users\Lucky56\github\modpacks\mods\lmft-1.1.1+1.21.9-neoforge...jar
Lootintegrations mod,Someaddon,4.7,NeoForge,true,lootintegrations-1.21.1-4.7.jar,C:\Users\Lucky56\github\modpacks\mods\lootintegrations-1.21.1-4.7.jar
lootintegrations_betterarcheology mod,Someaddon,1,"NeoForge, Forge, Fabric",true,lootintegrations_betterarcheology-1.2.jar,C:\Users\Lucky56\github\modpacks\mods\lootintegrations_betterarcheology-1.2.jar
lootintegrations_dnt mod,Someaddon,1,"NeoForge, Forge, Fabric",true,lootintegrations_dnt-2.6.jar,C:\Users\Lucky56\github\modpacks\mods\lootintegrations_dnt-2.6.jar
lootintegrations_structory mod,Someaddon,1,"NeoForge, Forge, Fabric",true,lootintegrations_structory-1.4.jar,C:\Users\Lucky56\github\modpacks\mods\lootintegrations_structory-1.4.jar
lootintegrations_vanilla mod,Someaddon,1,"NeoForge, Forge, Fabric",true,lootintegrations_vanilla-1.6.jar,C:\Users\Lucky56\github\modpacks\mods\lootintegrations_vanilla-1.6.jar
lootintegrations_yungs mod,Someaddon,1,"NeoForge, Forge, Fabric",true,lootintegrations_yungs-1.6.jar,C:\Users\Lucky56\github\modpacks\mods\lootintegrations_yungs-1.6.jar
Lootr,Noobanidus,1.21.1-1.11.37.121,NeoForge,true,lootr-neoforge-1.21.1-1.11.37.121.jar,C:\Users\Lucky56\github\modpacks\mods\lootr-neoforge-1.21.1-1.11.37.121.jar
Luki's Ancient Cities,lukidonu,1-v1.2,"NeoForge, Forge, Fabric, Quilt",true,lukis-ancient-cities-v1.2...jar,C:\Users\Lucky56\github\modpacks\mods\lukis-ancient-cities-v1.2...jar
Luki's Grand Capitals,lukidonu,1.1.3,"NeoForge, Forge, Fabric, Quilt",true,lukis-grand-capitals-1.1.3...jar,C:\Users\Lucky56\github\modpacks\mods\lukis-grand-capitals-1.1.3...jar
Luki's Strongholds,lukidonu,1-v1.0,"NeoForge, Forge, Fabric, Quilt",true,lukis-strongholds-v1.0...jar,C:\Users\Lucky56\github\modpacks\mods\lukis-strongholds-v1.0...jar
Luki's Woodland Mansions,lukidonu,1-v1.0,"NeoForge, Forge, Fabric, Quilt",true,lukis-woodland-mansions-v1.0...jar,C:\Users\Lucky56\github\modpacks\mods\lukis-woodland-mansions-v1.0...jar
Marbled's Chevon,MarbledNull,1.0.0.0,NeoForge,true,marbledschevon-1.21.1neo-1.0.0.0.jar,C:\Users\Lucky56\github\modpacks\mods\marbledschevon-1.21.1neo-1.0.0.0.jar
Barebones McQoy,Sisby folk. Contributions by cassiancc.,0.4.1+neo-1.21,NeoForge,true,mcqoy-0.4.1+neo-1.21.jar,C:\Users\Lucky56\github\modpacks\mods\mcqoy-0.4.1+neo-1.21.jar
Measurements,Mrbysco,3.0.3,NeoForge,true,Measurements-neoforge-1.21.1-3.0.3...jar,C:\Users\Lucky56\github\modpacks\mods\Measurements-neoforge-1.21.1-3.0.3...jar
Moderately Enough Effect Descriptions,Neon_Cranberries,7.2.0,NeoForge,true,MEED-1.21.1-7.9.1.jar,C:\Users\Lucky56\github\modpacks\mods\MEED-1.21.1-7.9.1.jar
Melody,Keksuccino,1.0.10,NeoForge,true,melody_neoforge_1.0.10_MC_1.21...jar,C:\Users\Lucky56\github\modpacks\mods\melody_neoforge_1.0.10_MC_1.21...jar
MidnightLib,"TeamMidnightDust, Motschen",1.9.3,NeoForge,true,midnightlib-neoforge-1.9.3+1.21.1.jar,C:\Users\Lucky56\github\modpacks\mods\midnightlib-neoforge-1.9.3+1.21.1.jar
Midnight Thoughts,iliiasik,1.4.2,NeoForge,true,midnightthoughts-1.4.2+neoforge.1.21.1.jar,C:\Users\Lucky56\github\modpacks\mods\midnightthoughts-1.4.2+neoforge.1.21.1.jar
Minecraft Cursor,fishstiz,3.11.3+1.21.1,NeoForge,true,minecraft-cursor-neoforge-3.11.3+1.21.1...jar,C:\Users\Lucky56\github\modpacks\mods\minecraft-cursor-neoforge-3.11.3+1.21.1...jar
Minopp,"Zbx1425, MalayP",1.4.0+1.21.1+neoforge,NeoForge,true,minopp-1.4.0+1.21.1+neoforge.jar,C:\Users\Lucky56\github\modpacks\mods\minopp-1.4.0+1.21.1+neoforge.jar
Model Gap Fix,MehVahdJukaar,1.21-1.10,NeoForge,true,modelfix-1.21-1.10...jar,C:\Users\Lucky56\github\modpacks\mods\modelfix-1.21-1.10...jar
ModernFix,embeddedt,5.27.14+mc1.21.1,NeoForge,true,modernfix-neoforge-5.27.14+mc1.21.1.jar,C:\Users\Lucky56\github\modpacks\mods\modernfix-neoforge-5.27.14+mc1.21.1.jar
Modpack Update Checker,Jab125,0.15.6,"NeoForge, Forge",true,modpack-update-checker-1.21.1-neoforge-0.15.6...jar,C:\Users\Lucky56\github\modpacks\mods\modpack-update-checker-1.21.1-neoforge-0.15.6...jar
Moonlight Lib,MehVahdJukaar,1.21.1-3.0.22,NeoForge,true,moonlight-neoforge-1.21.1-3.0.22.jar,C:\Users\Lucky56\github\modpacks\mods\moonlight-neoforge-1.21.1-3.0.22.jar
More Culling,"FX - PR0CESS, 1Foxy2",1.0.8,NeoForge,true,moreculling-neoforge-1.21.1-1.0.8.jar,C:\Users\Lucky56\github\modpacks\mods\moreculling-neoforge-1.21.1-1.0.8.jar
MoreDensityFunctions,Klinbee,2.3.1,NeoForge,true,moredensityfunctions-neoforge-1.21.1-2.3.1.jar,C:\Users\Lucky56\github\modpacks\mods\moredensityfunctions-neoforge-1.21.1-2.3.1.jar
MoreMouseTweaks,NotRyken,1.1.1+1.21.1,NeoForge,true,moremousetweaks-neoforge-1.1.1+1.21.1...jar,C:\Users\Lucky56\github\modpacks\mods\moremousetweaks-neoforge-1.1.1+1.21.1...jar
More Sniffer Flowers,"AbraXator, Nikdo53",6.6.6,NeoForge,true,MoreSnifferFlowers-1.21.1-neo-6.6.6.jar,C:\Users\Lucky56\github\modpacks\mods\MoreSnifferFlowers-1.21.1-neo-6.6.6.jar
More Armor Trims,Masik16u,1.5.3-1.21.1,NeoForge,true,more_armor_trims-neoforge-1.5.3-1.21.1...jar,C:\Users\Lucky56\github\modpacks\mods\more_armor_trims-neoforge-1.5.3-1.21.1...jar
Mouse Tweaks,Ivan Molodetskikh (YaLTeR),2.26.1,NeoForge,true,MouseTweaks-neoforge-mc1.21-2.26.1...jar,C:\Users\Lucky56\github\modpacks\mods\MouseTweaks-neoforge-mc1.21-2.26.1...jar
Mowzie's Mobs,"BobMowzie, Wadoo, Vakypanda, Noonyez, pau101",1.8.2,"NeoForge, Forge",true,mowziesmobs-1.21.1-1.8.2...jar,C:\Users\Lucky56\github\modpacks\mods\mowziesmobs-1.21.1-1.8.2...jar
Moyai,MehVahdJukaar,1.21-2.1.7,NeoForge,true,moyai-1.21-2.1.7-neoforge...jar,C:\Users\Lucky56\github\modpacks\mods\moyai-1.21-2.1.7-neoforge...jar
M.R.U,IMB11 (mineblock11),1.0.19+LTS+1.21.1+neoforge,NeoForge,true,mru-1.0.19+LTS+1.21.1+neoforge...jar,C:\Users\Lucky56\github\modpacks\mods\mru-1.0.19+LTS+1.21.1+neoforge...jar
My Nether's Delight,SoyTutta,1.10.2,NeoForge,true,MyNethersDelight-1.21.1-1.10.2.jar,C:\Users\Lucky56\github\modpacks\mods\MyNethersDelight-1.21.1-1.10.2.jar
NBT Autocomplete,mt1006,1.3.10,NeoForge,true,NBTac-NEOFORGE-1.21.1-1.3.10...jar,C:\Users\Lucky56\github\modpacks\mods\NBTac-NEOFORGE-1.21.1-1.3.10...jar
Neapolitan,Team Abnormals,6.0.1,NeoForge,true,neapolitan-1.21.1-6.0.1...jar,C:\Users\Lucky56\github\modpacks\mods\neapolitan-1.21.1-6.0.1...jar
Necronomicon,ElocinDev,1.6.0,"NeoForge, Forge, Fabric",true,Necronomicon-NeoForge-1.6.0+1.21.jar,C:\Users\Lucky56\github\modpacks\mods\Necronomicon-NeoForge-1.6.0+1.21.jar
Neruina,Bawnorton,3.3.2,NeoForge,true,neruina-3.3.2+1.21.1-neoforge.jar,C:\Users\Lucky56\github\modpacks\mods\neruina-3.3.2+1.21.1-neoforge.jar
Nest Egg,DavigJ,2.0.1,NeoForge,true,nest_egg-1.21.1-2.0.1.jar,C:\Users\Lucky56\github\modpacks\mods\nest_egg-1.21.1-2.0.1.jar
Nether Depths Upgrade,Scouter456,3.1.8,NeoForge,true,netherdepthsupgrade-3.1.8-1.21...jar,C:\Users\Lucky56\github\modpacks\mods\netherdepthsupgrade-3.1.8-1.21...jar
NexusLib,Hecco,1.1.5,NeoForge,true,nexuslib-neoforge-1.21.1-1.1.5.jar,C:\Users\Lucky56\github\modpacks\mods\nexuslib-neoforge-1.21.1-1.1.5.jar
Nirvana,possible_triangle,2.0.11,NeoForge,true,nirvana-forge-2.0.11.jar,C:\Users\Lucky56\github\modpacks\mods\nirvana-forge-2.0.11.jar
No Telemetry,kb1000,1.10.0,"NeoForge, Forge, Fabric",true,no-telemetry-1.10.0...jar,C:\Users\Lucky56\github\modpacks\mods\no-telemetry-1.10.0...jar
Noisium,Steveplays28,2.7.0+mc1.21-1.21.1,NeoForge,true,noisium-neoforge-2.7.0+mc1.21-1.21.1...jar,C:\Users\Lucky56\github\modpacks\mods\noisium-neoforge-2.7.0+mc1.21-1.21.1...jar
Not Enough Recipe Book,OctoStudios,0.4.3,NeoForge,true,Not Enough Recipe Book-NEOFORGE-0.4.3+1.21...jar,C:\Users\Lucky56\github\modpacks\mods\Not Enough Recipe Book-NEOFORGE-0.4.3+1.21...jar
Not Enough Crashes,Fudge,4.4.9+1.21.1,NeoForge,true,notenoughcrashes-neoforge-4.4.9+1.21.1...jar,C:\Users\Lucky56\github\modpacks\mods\notenoughcrashes-neoforge-4.4.9+1.21.1...jar
Not Enough Trials,Danmatisk,6.4,NeoForge,true,NotEnoughTrials-1.21-v6.4-Neoforge.jar,C:\Users\Lucky56\github\modpacks\mods\NotEnoughTrials-1.21-v6.4-Neoforge.jar
Nullscape,Stardust Labs,1.2.14,"NeoForge, Forge, Fabric, Quilt",true,Nullscape_1.21.x_v1.2.14...jar,C:\Users\Lucky56\github\modpacks\mods\Nullscape_1.21.x_v1.2.14...jar
Nyf's Spiders,Nyfaria,3.0.1,NeoForge,true,nyfsspiders-neoforge-1.21.1-3.0.1...jar,C:\Users\Lucky56\github\modpacks\mods\nyfsspiders-neoforge-1.21.1-3.0.1...jar
Obscure Tooltips,Obscuria,4.2.2,NeoForge,true,obscure_tooltips-neoforge-1.21.1-4.2.2...jar,C:\Users\Lucky56\github\modpacks\mods\obscure_tooltips-neoforge-1.21.1-4.2.2...jar
Observable,tasgon,5.4.4,NeoForge,true,observable-5.4.4...jar,C:\Users\Lucky56\github\modpacks\mods\observable-5.4.4...jar
OctoLib,OctoStudios,0.6.2,NeoForge,true,OctoLib-NEOFORGE-0.6.2+1.21.jar,C:\Users\Lucky56\github\modpacks\mods\OctoLib-NEOFORGE-0.6.2+1.21.jar
OELib,Flechazo,0.2.3,NeoForge,true,OELib-neoforge-1.21.1-0.2.3...jar,C:\Users\Lucky56\github\modpacks\mods\OELib-neoforge-1.21.1-0.2.3...jar
Oreganized,Team Galena,5.1.2,NeoForge,true,Oreganized 1.21.1-5.1.2.jar,C:\Users\Lucky56\github\modpacks\mods\Oreganized 1.21.1-5.1.2.jar
Oreganized Carcinogenius,Team Galena,5.0.0,NeoForge,true,Oreganized Carcinogenius 1.21.1-5.0.0.jar,C:\Users\Lucky56\github\modpacks\mods\Oreganized Carcinogenius 1.21.1-5.0.0.jar
Overflowing Bars,Fuzs,21.1.1,NeoForge,true,OverflowingBars-v21.1.1-1.21.1-NeoForge...jar,C:\Users\Lucky56\github\modpacks\mods\OverflowingBars-v21.1.1-1.21.1-NeoForge...jar
oωo,"glisco, Blodhgarm, BasiqueEvangelist, Noaaan",0.12.15.5-beta.1+1.21,NeoForge,true,owo-lib-neoforge-0.12.15.5-beta.1+1.21....jar,C:\Users\Lucky56\github\modpacks\mods\owo-lib-neoforge-0.12.15.5-beta.1+1.21....jar
Packed Packs,fishstiz,2.2.1+1.21.1,NeoForge,true,packed_packs-neoforge-2.2.1+1.21.1.jar,C:\Users\Lucky56\github\modpacks\mods\packed_packs-neoforge-2.2.1+1.21.1.jar
Particle Effects,"LopyMine, KlashRaick",1.5.0+1.21.1+neoforge,NeoForge,true,ParticleEffects-1.5.0+1.21.1+neoforge.jar,C:\Users\Lucky56\github\modpacks\mods\ParticleEffects-1.5.0+1.21.1+neoforge.jar
Particle Rain,pigcart,4.0.0-beta.10,NeoForge,true,particlerain-4.0.0-beta.10+1.21.1-neoforge.jar,C:\Users\Lucky56\github\modpacks\mods\particlerain-4.0.0-beta.10+1.21.1-neoforge.jar
Particle Core,fzzyhmstrs,0.3.3+1.21+neoforge,NeoForge,true,particle_core-0.3.3+1.21+neoforge...jar,C:\Users\Lucky56\github\modpacks\mods\particle_core-0.3.3+1.21+neoforge...jar
PatPat,"LopyMine, nikita51",1.2.4+1.21.1+neoforge,NeoForge,true,PatPat-1.2.4+1.21.1+neoforge...jar,C:\Users\Lucky56\github\modpacks\mods\PatPat-1.2.4+1.21.1+neoforge...jar
Peeping Angels,DavigJ,3.0.0,NeoForge,true,peeping_angels-1.21.1-3.0.0.jar,C:\Users\Lucky56\github\modpacks\mods\peeping_angels-1.21.1-3.0.0.jar
Pehkui,Virtuoel,3.8.3+1.21-neoforge,"NeoForge, Fabric",true,Pehkui-3.8.3+1.21-neoforge.jar,C:\Users\Lucky56\github\modpacks\mods\Pehkui-3.8.3+1.21-neoforge.jar
Perception,OctoStudios,0.2.1,NeoForge,true,Perception-NEOFORGE-0.2.1+1.21.1...jar,C:\Users\Lucky56\github\modpacks\mods\Perception-NEOFORGE-0.2.1+1.21.1...jar
Personality,Team Abnormals,5.0.2,NeoForge,true,personality-1.21.1-5.0.2.jar,C:\Users\Lucky56\github\modpacks\mods\personality-1.21.1-5.0.2.jar
Petrolpark's Library,Petrolpark,1.4.36,NeoForge,true,petrolpark-1.21.1-1.4.36.jar,C:\Users\Lucky56\github\modpacks\mods\petrolpark-1.21.1-1.4.36.jar
Petrol's Parts,Petrolpark,1.2.10,NeoForge,true,petrolsparts-1.21.1-1.2.10...jar,C:\Users\Lucky56\github\modpacks\mods\petrolsparts-1.21.1-1.2.10...jar
Pet Cemetery,Team Abnormals,3.0.1,NeoForge,true,pet_cemetery-1.21.1-3.0.1...jar,C:\Users\Lucky56\github\modpacks\mods\pet_cemetery-1.21.1-3.0.1...jar
Presence Footsteps x Sable,-,1.0,NeoForge,true,pfsable-1.0.jar,C:\Users\Lucky56\github\modpacks\mods\pfsable-1.0.jar
Create: Sound of Steam,"FinchyMcFinch, Deanosaur75",0.8.2+1.21.1,NeoForge,true,pipeorgans-0.8.2+1.21.1...jar,C:\Users\Lucky56\github\modpacks\mods\pipeorgans-0.8.2+1.21.1...jar
Create Pipes n Physics,Devin,2.0.3,NeoForge,true,pipesnphysics-2.0.3.jar,C:\Users\Lucky56\github\modpacks\mods\pipesnphysics-2.0.3.jar
Placebo,Shadows_of_Fire,9.9.1,NeoForge,true,Placebo-1.21.1-9.9.1.jar,C:\Users\Lucky56\github\modpacks\mods\Placebo-1.21.1-9.9.1.jar
Platform,ItsBlackGear,1.3.3,NeoForge,true,Platform-neoforge-1.21.1-1.3.3.jar,C:\Users\Lucky56\github\modpacks\mods\Platform-neoforge-1.21.1-1.3.3.jar
Player Animator,KosmX,2.0.4+1.21.1,NeoForge,true,player-animation-lib-forge-2.0.4+1.21.1.jar,C:\Users\Lucky56\github\modpacks\mods\player-animation-lib-forge-2.0.4+1.21.1.jar
Player Animation Library,"Zigy, dima_dencep",1.1.4+mc.1.21.1,NeoForge,true,PlayerAnimationLibNeoforge-1.1.4+mc.1.21.1...jar,C:\Users\Lucky56\github\modpacks\mods\PlayerAnimationLibNeoforge-1.1.4+mc.1.21.1...jar
Polymorph,Illusive Soulworks,1.1.0+1.21.1,NeoForge,true,polymorph-neoforge-1.1.0+1.21.1...jar,C:\Users\Lucky56\github\modpacks\mods\polymorph-neoforge-1.1.0+1.21.1...jar
Polytone,MehVahdJukaar,1.21-3.6.7,NeoForge,true,polytone-1.21-3.6.7-neoforge.jar,C:\Users\Lucky56\github\modpacks\mods\polytone-1.21-3.6.7-neoforge.jar
Portfolio,"SheddmerSTK, Yapettoshen",1.21.1-1.5.5-neoforge,NeoForge,true,portfolio-1.21.1-1.5.5-neoforge.jar,C:\Users\Lucky56\github\modpacks\mods\portfolio-1.21.1-1.5.5-neoforge.jar
Create: Power Grid,"patryk3211, Da-Negy, rvndm, casvara",0.5.5.1,NeoForge,true,powergrid-mc1.21.1-0.5.5.1.jar,C:\Users\Lucky56\github\modpacks\mods\powergrid-mc1.21.1-0.5.5.1.jar
Presence Footsteps [FORGE],1Influence,1.0.0,NeoForge,true,Presence Footsteps [NEOFORGE]+1.21-1.1.0.jar,C:\Users\Lucky56\github\modpacks\mods\Presence Footsteps [NEOFORGE]+1.21-1.1.0.jar
Pretty In Pink,"Weido's Oddities (@weidos.oddities), pinkmachine (@pinkmachine)",1.0.4,NeoForge,true,pretty_in_pink-1.0.4-1.21.1...jar,C:\Users\Lucky56\github\modpacks\mods\pretty_in_pink-1.0.4-1.21.1...jar
PrickleMC,Darkhax,21.1.11,NeoForge,true,prickle-neoforge-1.21.1-21.1.11...jar,C:\Users\Lucky56\github\modpacks\mods\prickle-neoforge-1.21.1-21.1.11...jar
Prometheus,Crystal Spider,1.2.5,NeoForge,true,prometheus-neoforge-1.21-1.2.5...jar,C:\Users\Lucky56\github\modpacks\mods\prometheus-neoforge-1.21-1.2.5...jar
Puzzles Lib,Fuzs,21.1.52,NeoForge,true,PuzzlesLib-v21.1.52-1.21.1-NeoForge.jar,C:\Users\Lucky56\github\modpacks\mods\PuzzlesLib-v21.1.52-1.21.1-NeoForge.jar
Quad,LieOnLion,1.2.9,NeoForge,true,Quad-1.2.9+1.21.1-Neo...jar,C:\Users\Lucky56\github\modpacks\mods\Quad-1.2.9+1.21.1-Neo...jar
Quark,"Vazkii, WireSegal, MCVinnyq, Sully",4.1-481,NeoForge,true,Quark-4.1-481.jar,C:\Users\Lucky56\github\modpacks\mods\Quark-4.1-481.jar
Quark Oddities,"Vazkii, WireSegal, MCVinnyq, Sully",1.21.1,NeoForge,true,QuarkOddities-1.21.1...jar,C:\Users\Lucky56\github\modpacks\mods\QuarkOddities-1.21.1...jar
QuarkPonders,LeoBeliik,1.5.1,NeoForge,true,QuarkPonders-1.5.1_NeoForge-1.21.1.jar,C:\Users\Lucky56\github\modpacks\mods\QuarkPonders-1.5.1_NeoForge-1.21.1.jar
Quark X Not Enough Trials,Danmatisk,1.0,NeoForge,true,QuarkXNET-1.21-v1.0.jar,C:\Users\Lucky56\github\modpacks\mods\QuarkXNET-1.21-v1.0.jar
Quick Menu,codist,1.2.4,Fabric,true,quick-menu-1.2.4-1.21...jar,C:\Users\Lucky56\github\modpacks\mods\quick-menu-1.2.4-1.21...jar
Ragdoll Reactions,Leonardoinc22,0.7.0,NeoForge,true,ragdoll_reactions-1.21.1-0.7.0.jar,C:\Users\Lucky56\github\modpacks\mods\ragdoll_reactions-1.21.1-0.7.0.jar
Create: Steam 'n' Rails 1.21.1,"PoppyBlossom, Chameleon538, gblfxt",0.3.0-alpha.2+neoforge-mc1.21.1,NeoForge,true,railways-0.3.0-alpha.2+neoforge-mc1.21.1.jar,C:\Users\Lucky56\github\modpacks\mods\railways-0.3.0-alpha.2+neoforge-mc1.21.1.jar
Raised,yurisuika,5.1.2,NeoForge,true,raised-neoforge-1.21.1-5.1.2...jar,C:\Users\Lucky56\github\modpacks\mods\raised-neoforge-1.21.1-5.1.2...jar
ReadyPlayerFun,wendall911,3.0.1.5,NeoForge,true,readyplayerfun-1.21.1-neoforge-3.0.1.5-NEOFORGE.jar,C:\Users\Lucky56\github\modpacks\mods\readyplayerfun-1.21.1-neoforge-3.0.1.5-NEOFORGE.jar
Reese's Sodium Options,FlashyReese,2.2.0+mc1.21.1,NeoForge,true,reeses-sodium-options-neoforge-2.2.0+mc1.21.1.jar,C:\Users\Lucky56\github\modpacks\mods\reeses-sodium-options-neoforge-2.2.0+mc1.21.1.jar
MrCrayfish's Furniture Mod: Refurbished,MrCrayfish,1.0.22,NeoForge,true,refurbished_furniture-neoforge-1.21.1-1.0.22.jar,C:\Users\Lucky56\github\modpacks\mods\refurbished_furniture-neoforge-1.21.1-1.0.22.jar
Regions Unexplored,"Apollo, UHQ_Games",0.6.1,NeoForge,true,regions-unexplored-0.6.1-neoforge-21.1.jar,C:\Users\Lucky56\github\modpacks\mods\regions-unexplored-0.6.1-neoforge-21.1.jar
Relics,SSKirillSS,0.12.8,NeoForge,true,relics-1.21.1-0.12.8.jar,C:\Users\Lucky56\github\modpacks\mods\relics-1.21.1-0.12.8.jar
reliquified_artifacts,Octo-Studios,1.0.7,NeoForge,true,reliquified_artifacts-1.21.1-1.0.7.jar,C:\Users\Lucky56\github\modpacks\mods\reliquified_artifacts-1.21.1-1.0.7.jar
Resourcefulconfig,-,3.0.11,NeoForge,true,resourcefulconfig-neoforge-1.21-3.0.11...jar,C:\Users\Lucky56\github\modpacks\mods\resourcefulconfig-neoforge-1.21-3.0.11...jar
Resourceful Lib,"ThatGravyBoat, Epic_Oreo",3.0.12,NeoForge,true,resourcefullib-neoforge-1.21-3.0.12...jar,C:\Users\Lucky56\github\modpacks\mods\resourcefullib-neoforge-1.21-3.0.12...jar
Resourcify,DeDiamondPro,1.8.3,NeoForge,true,Resourcify (1.21.1-neoforge)-1.8.3.jar,C:\Users\Lucky56\github\modpacks\mods\Resourcify (1.21.1-neoforge)-1.8.3.jar
Respawning Animals,Fuzs,21.1.2,NeoForge,true,RespawningAnimals-v21.1.2-1.21.1-NeoForge...jar,C:\Users\Lucky56\github\modpacks\mods\RespawningAnimals-v21.1.2-1.21.1-NeoForge...jar
Rhino,"latvian.dev, Mozilla",2101.2.7-build.85,"NeoForge, Forge, Fabric",true,rhino-2101.2.7-build.85.jar,C:\Users\Lucky56\github\modpacks\mods\rhino-2101.2.7-build.85.jar
Ribbits,"Joosh, YUNGNICKYOUNG, HellionGames, Refresh Studios",1.21.1-NeoForge-4.1.6,NeoForge,true,Ribbits-1.21.1-NeoForge-4.1.6...jar,C:\Users\Lucky56\github\modpacks\mods\Ribbits-1.21.1-NeoForge-4.1.6...jar
Ritchie's Projectile Library,rbasamoyai,2.1.2,NeoForge,true,ritchiesprojectilelib-2.1.2+mc.1.21.1-neoforge...jar,C:\Users\Lucky56\github\modpacks\mods\ritchiesprojectilelib-2.1.2+mc.1.21.1-neoforge...jar
RoadWeaver,shiroha233,2.2.2-1.21.1,NeoForge,true,roadweaver-neoforge-2.2.2-1.21.1.jar,C:\Users\Lucky56\github\modpacks\mods\roadweaver-neoforge-2.2.2-1.21.1.jar
Remove Reloading Screen,dima_dencep,5.0.11+mc1.21.1-forge,NeoForge,true,rrls-5.0.11+mc1.21.1-forge.jar,C:\Users\Lucky56\github\modpacks\mods\rrls-5.0.11+mc1.21.1-forge.jar
Raise Sound Limit Simplified,"RelativityMC, ishland",1.1.16,NeoForge,true,rsls-neoforge-1.1.16...jar,C:\Users\Lucky56\github\modpacks\mods\rsls-neoforge-1.1.16...jar
Sable,RyanHCode,2.0.3,NeoForge,true,sable-neoforge-1.21.1-2.0.3.jar,C:\Users\Lucky56\github\modpacks\mods\sable-neoforge-1.21.1-2.0.3.jar
Jade Sable Compat,-,1.2.1,NeoForge,true,sablejade-1.2.1.jar,C:\Users\Lucky56\github\modpacks\mods\sablejade-1.2.1.jar
Sable Ragdolls,Leonardoinc22,0.7.5,NeoForge,true,sable_player_ragdoll-1.21.1-0.7.5.jar,C:\Users\Lucky56\github\modpacks\mods\sable_player_ragdoll-1.21.1-0.7.5.jar
Saturn,AbdElAziz,0.1.5,NeoForge,true,saturn-mc1.21.1-0.1.5...jar,C:\Users\Lucky56\github\modpacks\mods\saturn-mc1.21.1-0.1.5...jar
Universal Sawmill,MehVahdJukaar,1.21-1.7.7,NeoForge,true,sawmill-neoforge-1.21-1.7.7.jar,C:\Users\Lucky56\github\modpacks\mods\sawmill-neoforge-1.21-1.7.7.jar
Scholar,mortuusars,1.2.3,NeoForge,true,scholar-neoforge-1.21.1-1.2.3.jar,C:\Users\Lucky56\github\modpacks\mods\scholar-neoforge-1.21.1-1.2.3.jar
Searchables,Jaredlll08,1.0.2,NeoForge,true,Searchables-neoforge-1.21.1-1.0.2...jar,C:\Users\Lucky56\github\modpacks\mods\Searchables-neoforge-1.21.1-1.0.2...jar
Separated Leaves,LarsMans,2.6.1,NeoForge,true,separatedleaves-2.6.1-neoforge-1.21.1...jar,C:\Users\Lucky56\github\modpacks\mods\separatedleaves-2.6.1-neoforge-1.21.1...jar
ServerCore,Wesley1808,1.5.17+1.21.1,NeoForge,true,servercore-neoforge-1.5.17+1.21.1.jar,C:\Users\Lucky56\github\modpacks\mods\servercore-neoforge-1.5.17+1.21.1.jar
Shepard Tone (Pitch Up),mistrberry,0.3.1,NeoForge,true,shepard_sound_streaks-0.3.1.jar,C:\Users\Lucky56\github\modpacks\mods\shepard_sound_streaks-0.3.1.jar
Shifting Wares,Estecka,3.1.1+1.21.3,Fabric,true,shifting-wares-3.1.1+1.21.3...jar,C:\Users\Lucky56\github\modpacks\mods\shifting-wares-3.1.1+1.21.3...jar
Shut Up GL Error,Jamalam,2.0.0+1.21.1,NeoForge,true,shut_up_gl_error-neoforge-2.0.0+1.21.1.jar,C:\Users\Lucky56\github\modpacks\mods\shut_up_gl_error-neoforge-2.0.0+1.21.1.jar
3d-Skin-Layers,tr7zw,1.11.2,"NeoForge, Forge",true,skinlayers3d-neoforge-1.11.2-mc1.21.1.jar,C:\Users\Lucky56\github\modpacks\mods\skinlayers3d-neoforge-1.11.2-mc1.21.1.jar
Create Slice & Dice,possible_triangle,4.3.2,NeoForge,true,sliceanddice-neoforge-4.3.2.jar,C:\Users\Lucky56\github\modpacks\mods\sliceanddice-neoforge-4.3.2.jar
Smarter Farmers,MehVahdJukaar,1.21-2.2.4,NeoForge,true,smarterfarmers-1.21-2.2.4-neoforge...jar,C:\Users\Lucky56\github\modpacks\mods\smarterfarmers-1.21-2.2.4-neoforge...jar
Smooth Boot,1Influence,1.0.0,NeoForge,true,SmoothBoot-NeoForge+1.21-1.0.0...jar,C:\Users\Lucky56\github\modpacks\mods\SmoothBoot-NeoForge+1.21-1.0.0...jar
Smoothchunk mod,Someaddon,4.1,NeoForge,true,smoothchunk-1.21-4.1.jar,C:\Users\Lucky56\github\modpacks\mods\smoothchunk-1.21-4.1.jar
Snow! Real Magic!,Snownee,12.2.2+neoforge,NeoForge,true,SnowRealMagic-1.21.1-NeoForge-12.2.2.jar,C:\Users\Lucky56\github\modpacks\mods\SnowRealMagic-1.21.1-NeoForge-12.2.2.jar
Snuffles,"SchnappDragon, Edmord17",1.1.2,NeoForge,true,snuffles-1.1.2...jar,C:\Users\Lucky56\github\modpacks\mods\snuffles-1.1.2...jar
Sodium Extra,FlashyReese,0.9.1+mc1.21.1,NeoForge,true,sodium-extra-neoforge-0.9.1+mc1.21.1.jar,C:\Users\Lucky56\github\modpacks\mods\sodium-extra-neoforge-0.9.1+mc1.21.1.jar
Sodium,"JellySquid (jellysquid3), IMS212",0.8.12-beta.2+mc1.21.1,NeoForge,true,sodium-neoforge-0.8.12-beta.2+mc1.21.1.jar,C:\Users\Lucky56\github\modpacks\mods\sodium-neoforge-0.8.12-beta.2+mc1.21.1.jar
Some Assembly Required,Wouter,5.2.8,NeoForge,true,someassemblyrequired-5.2.8...jar,C:\Users\Lucky56\github\modpacks\mods\someassemblyrequired-5.2.8...jar
Sooty Chimneys,mortuusars,1.3.5,NeoForge,true,sootychimneys-neoforge-1.3.5.jar,C:\Users\Lucky56\github\modpacks\mods\sootychimneys-neoforge-1.3.5.jar
Soul Fire'd,"Crystal Spider, Moonstone Webber, Noir",6.1.0,NeoForge,true,soul-fire-d-neoforge-1.21-6.1.0...jar,C:\Users\Lucky56\github\modpacks\mods\soul-fire-d-neoforge-1.21-6.1.0...jar
Soul Candles,Agente_511,1.2.1+mc1.21,Fabric,true,SoulCandles-1.2.1+mc1.21...jar,C:\Users\Lucky56\github\modpacks\mods\SoulCandles-1.2.1+mc1.21...jar
Sounds,"IMB11, cassiancc",2.4.22+lts,NeoForge,true,sounds-2.4.22+lts+1.21.1-neoforge...jar,C:\Users\Lucky56\github\modpacks\mods\sounds-2.4.22+lts+1.21.1-neoforge...jar
Sound Physics Perfected,RedLife,1.17.3,NeoForge,true,sound_physics_perfected-1.17.3+1.21.1-neoforge.jar,C:\Users\Lucky56\github\modpacks\mods\sound_physics_perfected-1.17.3+1.21.1-neoforge.jar
spark,Luck,1.10.124,NeoForge,true,spark-1.10.124-neoforge...jar,C:\Users\Lucky56\github\modpacks\mods\spark-1.10.124-neoforge...jar
Backported Spears,N0t_UN_Owen/NotUnaNancyOwen,1.8.0,NeoForge,true,spear-backport-neoforge-1.8.0-1.21.1...jar,C:\Users\Lucky56\github\modpacks\mods\spear-backport-neoforge-1.8.0-1.21.1...jar
Spelunkery,"Ordana, Keybounce, eldabys",1.21.1-0.4.3,NeoForge,true,spelunkery-1.21.1-0.4.3-neoforge.jar,C:\Users\Lucky56\github\modpacks\mods\spelunkery-1.21.1-0.4.3-neoforge.jar
Spice of Life Berry,mistrberry,0.8.203,NeoForge,true,spice_of_life_berry-0.8.203.jar,C:\Users\Lucky56\github\modpacks\mods\spice_of_life_berry-0.8.203.jar
Spyglass Improvements,juancarloscp52 (Im_JC),1.5.7,NeoForge,true,spyglass_improvements-1.5.7+mc1.21+neoforge...jar,C:\Users\Lucky56\github\modpacks\mods\spyglass_improvements-1.5.7+mc1.21+neoforge...jar
Stalker Creepers,AtomicStryker,1.21.1.1NF,NeoForge,true,stalkercreepers-1.21.1.1NF.jar,C:\Users\Lucky56\github\modpacks\mods\stalkercreepers-1.21.1.1NF.jar
Starcatcher,-,2.3.17-NEOFORGE-1.21.1,NeoForge,true,starcatcher-2.3.17-NEOFORGE-1.21.1.jar,C:\Users\Lucky56\github\modpacks\mods\starcatcher-2.3.17-NEOFORGE-1.21.1.jar
Starcatcher's Delight,wdiscute,0.2-ALPHA-NEOFORGE-1.21.1,NeoForge,true,starcatcher_delight-0.2-ALPHA-NEOFORGE-1.21.1...jar,C:\Users\Lucky56\github\modpacks\mods\starcatcher_delight-0.2-ALPHA-NEOFORGE-1.21.1...jar
Status Effect Bars,Leclowndu93150,1.0.2,NeoForge,true,statuseffectbars-1.21.1-NeoForge-1.0.2...jar,C:\Users\Lucky56\github\modpacks\mods\statuseffectbars-1.21.1-NeoForge-1.0.2...jar
Stone Zone,"Xel'Bayria, MehVahdJukaar",1.21-2.11.16,NeoForge,false,stonezone-1.21-2.11.16-neoforge.jar.disabled,C:\Users\Lucky56\github\modpacks\mods\stonezone-1.21-2.11.16-neoforge.jar.disabled
Structory,Stardust Labs,1.3.16,"NeoForge, Forge, Fabric, Quilt",true,Structory_26.1_v1.3.16...jar,C:\Users\Lucky56\github\modpacks\mods\Structory_26.1_v1.3.16...jar
Structory: Towers,Stardust Labs,1.0.16,"NeoForge, Forge, Fabric, Quilt",true,Structory_Towers_26.1_v1.0.16...jar,C:\Users\Lucky56\github\modpacks\mods\Structory_Towers_26.1_v1.0.16...jar
Structure Layout Optimizer,TelepathicGrunt,1.0.12,NeoForge,true,structure_layout_optimizer-neoforge-1.0.12...jar,C:\Users\Lucky56\github\modpacks\mods\structure_layout_optimizer-neoforge-1.0.12...jar
Structurify,Faboslav,2.0.28,NeoForge,true,structurify-neoforge-2.0.28+mc1.21.1.jar,C:\Users\Lucky56\github\modpacks\mods\structurify-neoforge-2.0.28+mc1.21.1.jar
Stylish Effects,Fuzs,21.1.3,NeoForge,true,StylishEffects-v21.1.3-1.21.1-NeoForge.jar,C:\Users\Lucky56\github\modpacks\mods\StylishEffects-v21.1.3-1.21.1-NeoForge.jar
Suggestion Tweaker,VelizarBG,1.20.6-1.5.3,Fabric,true,suggestion-tweaker-1.20.6-1.5.3-fabric...jar,C:\Users\Lucky56\github\modpacks\mods\suggestion-tweaker-1.20.6-1.5.3-fabric...jar
SuperMartijn642's Config Library,SuperMartijn642,1.1.8,NeoForge,true,supermartijn642configlib-1.1.8-neoforge-mc1.21....jar,C:\Users\Lucky56\github\modpacks\mods\supermartijn642configlib-1.1.8-neoforge-mc1.21....jar
Supplementaries,"MehVahdJukaar, Plantkillable",1.21.1-3.7.4,NeoForge,true,supplementaries-neoforge-1.21.1-3.7.4.jar,C:\Users\Lucky56\github\modpacks\mods\supplementaries-neoforge-1.21.1-3.7.4.jar
Supplementaries X Not Enough Trials,Danmatisk,1.0,NeoForge,true,SupplementariesXNET-1.21-v1.0.jar,C:\Users\Lucky56\github\modpacks\mods\SupplementariesXNET-1.21-v1.0.jar
Supplementaries Squared,"MehVahdJukaar, Plantkillable",1.21-1.2.18,NeoForge,true,suppsquared-neoforge-1.21-1.2.18.jar,C:\Users\Lucky56\github\modpacks\mods\suppsquared-neoforge-1.21-1.2.18.jar
Surveyor Map Framework,"Sisby folk. Contributions by Ampflower, falkreon, jaskarth, Garden System",1.2.4+1.21,"NeoForge, Fabric",true,surveyor-1.2.4+1.21.jar,C:\Users\Lucky56\github\modpacks\mods\surveyor-1.2.4+1.21.jar
TCD Commons API,TheCSDev,3.12.7+fabric-1.21,Fabric,true,tcdcommons-3.12.7+fabric-1.21....jar,C:\Users\Lucky56\github\modpacks\mods\tcdcommons-3.12.7+fabric-1.21....jar
TerraBlender,Adubbz,4.1.0.8,NeoForge,true,TerraBlender-neoforge-1.21.1-4.1.0.8....jar,C:\Users\Lucky56\github\modpacks\mods\TerraBlender-neoforge-1.21.1-4.1.0.8....jar
Create: The Factory Must Grow,"DrMangoTea, Pepa, Luna",1.2.0,NeoForge,true,tfmg-1.2.0....jar,C:\Users\Lucky56\github\modpacks\mods\tfmg-1.2.0....jar
Thick Air,Leclowndu93150,1.1.2,NeoForge,true,thick_air-1.21.1-NeoForge-1.1.2.jar,C:\Users\Lucky56\github\modpacks\mods\thick_air-1.21.1-NeoForge-1.1.2.jar
Tide Extra Compatibility,SilentAutopsy,2.2.0,"NeoForge, Forge, Fabric, Quilt",true,tide-extra-compatibility-2.2.0....jar,C:\Users\Lucky56\github\modpacks\mods\tide-extra-compatibility-2.2.0....jar
Tide,Lightning64,2.1,"NeoForge, Forge",true,tide-neoforge-1.21.1-2.1.jar,C:\Users\Lucky56\github\modpacks\mods\tide-neoforge-1.21.1-2.1.jar
TooManyRecipeViewers,Nolij (@xdMatthewbx#1337) & the Craftoria team,0.8.1+mc.21.1,NeoForge,true,toomanyrecipeviewers-0.8.1+mc.21.1.jar,C:\Users\Lucky56\github\modpacks\mods\toomanyrecipeviewers-0.8.1+mc.21.1.jar
Transparent,Trikzon,21.1.0,NeoForge,true,transparent-neoforge-21.1.0....jar,C:\Users\Lucky56\github\modpacks\mods\transparent-neoforge-21.1.0....jar
Tree Physics,"Farcr, KyanBirb",2.2,NeoForge,true,treephysics-neoforge-1.21.1.jar,C:\Users\Lucky56\github\modpacks\mods\treephysics-neoforge-1.21.1.jar
Trimmed,dhyces,3.0.0,NeoForge,true,trimmed-neo-1.21-3.0.0....jar,C:\Users\Lucky56\github\modpacks\mods\trimmed-neo-1.21-3.0.0....jar
The Roads More Travelled,milkucha,0.5.1-1.21.1-neoforge,NeoForge,true,trmt-0.5.1-1.21.1-neoforge.jar,C:\Users\Lucky56\github\modpacks\mods\trmt-0.5.1-1.21.1-neoforge.jar
Universal Bone Meal,Fuzs,21.1.0,NeoForge,true,UniversalBoneMeal-v21.1.0-1.21.1-NeoForge....jar,C:\Users\Lucky56\github\modpacks\mods\UniversalBoneMeal-v21.1.0-1.21.1-NeoForge....jar
Upgrade Aquatic,Team Abnormals,7.0.1,NeoForge,true,upgrade_aquatic-1.21.1-7.0.1....jar,C:\Users\Lucky56\github\modpacks\mods\upgrade_aquatic-1.21.1-7.0.1....jar
Create: Upsizing,Juyoh,1.2.0,NeoForge,true,upsizing-1.2.0.jar,C:\Users\Lucky56\github\modpacks\mods\upsizing-1.2.0.jar
VanillaBackport,BlackGear,1.1.7.10,NeoForge,true,VanillaBackport-neoforge-1.21.1-1.1.7.10.jar,C:\Users\Lucky56\github\modpacks\mods\VanillaBackport-neoforge-1.21.1-1.1.7.10.jar
Vanilla Backport X Not Enough Trials,Danmatisk,1.0,NeoForge,true,VanillaBackportXNET-1.21-v1.0.jar,C:\Users\Lucky56\github\modpacks\mods\VanillaBackportXNET-1.21-v1.0.jar
Vanilla Backport Compat,Vykket,2.1,"NeoForge, Fabric",true,vb-compat-2.1-1.21.1.jar,C:\Users\Lucky56\github\modpacks\mods\vb-compat-2.1-1.21.1.jar
VanillaBackport: Mob Variants Compat,SynergyShadow,1.4.1,"NeoForge, Forge, Fabric",true,vb-mob-variants-compat-1.4.1....jar,C:\Users\Lucky56\github\modpacks\mods\vb-mob-variants-compat-1.4.1....jar
VbIncubation,-,1.4,NeoForge,true,vbincubationcompat-1.4.jar,C:\Users\Lucky56\github\modpacks\mods\vbincubationcompat-1.4.jar
Voice Chat Interaction,Max Henkel,1.21.1-1.0.8,Fabric,true,vcinteraction-fabric-1.21.1-1.0.8....jar,C:\Users\Lucky56\github\modpacks\mods\vcinteraction-fabric-1.21.1-1.0.8....jar
Vercte's Satchels,Vercte,1.2.0,NeoForge,true,vercte-satchels-1.2.0.jar,C:\Users\Lucky56\github\modpacks\mods\vercte-satchels-1.2.0.jar
Via Romana,Rasa Novum,2.2.2+1.21.1-neoforge,NeoForge,true,via_romana-2.2.2+1.21.1-neoforge....jar,C:\Users\Lucky56\github\modpacks\mods\via_romana-2.2.2+1.21.1-neoforge....jar
ViewBoard,mx,1.2.2,NeoForge,true,viewboard-neoforge-1.21.1-1.2.2.jar,C:\Users\Lucky56\github\modpacks\mods\viewboard-neoforge-1.21.1-1.2.2.jar
Vista,"MehVahdJukaar, Plantkillable",1.21.1-5.0.3,NeoForge,true,vista-neoforge-1.21.1-5.0.3.jar,C:\Users\Lucky56\github\modpacks\mods\vista-neoforge-1.21.1-5.0.3.jar
Vista: All The Tapes,-,1.1.0+neoforge.mc1.21.1,NeoForge,true,vistaallthetapes - 1.2.0 - neoforge - 1.21.1.jar,C:\Users\Lucky56\github\modpacks\mods\vistaallthetapes - 1.2.0 - neoforge - 1.21.1.jar
Simple Voice Chat,Max Henkel,1.21.1-2.6.20,NeoForge,true,voicechat-neoforge-1.21.1-2.6.20.jar,C:\Users\Lucky56\github\modpacks\mods\voicechat-neoforge-1.21.1-2.6.20.jar
VTDownloader,IotaBread,2.3.1+1.21.1,Fabric,true,vt-downloader-2.3.1+1.21.1.jar,C:\Users\Lucky56\github\modpacks\mods\vt-downloader-2.3.1+1.21.1.jar
Wakes,Leclowndu93150,1.3.6,NeoForge,true,wakes-1.21.1-NeoForge-1.3.6.jar,C:\Users\Lucky56\github\modpacks\mods\wakes-1.21.1-NeoForge-1.3.6.jar
WaterFrames,SrRapero720,2.1.23,NeoForge,true,waterframes-NEOFORGE-mc1.21.1-v2.1.23.jar,C:\Users\Lucky56\github\modpacks\mods\waterframes-NEOFORGE-mc1.21.1-v2.1.23.jar
WaterMedia,"SrRapero720, Goedix",2.1.37,"NeoForge, Forge, Fabric",true,watermedia-2.1.37....jar,C:\Users\Lucky56\github\modpacks\mods\watermedia-2.1.37....jar
WaterMedia YT Plugin,SrRapero720,2.1.2,"NeoForge, Forge, Fabric",true,watermedia_youtube_plugin-2.1.2....jar,C:\Users\Lucky56\github\modpacks\mods\watermedia_youtube_plugin-2.1.2....jar
WaterVision,SrRapero720,0.1.0-alpha,NeoForge,true,watervision-NF-mc1.21.1-v0.1.0-alpha.jar,C:\Users\Lucky56\github\modpacks\mods\watervision-NF-mc1.21.1-v0.1.0-alpha.jar
What Are They Up To,Corosus,1.21.0-1.2.7,NeoForge,true,watut-neoforge-1.21.0-1.2.7....jar,C:\Users\Lucky56\github\modpacks\mods\watut-neoforge-1.21.0-1.2.7....jar
Waves,Verph,1.6,NeoForge,true,Waves-1.21.x-1.6.jar,C:\Users\Lucky56\github\modpacks\mods\Waves-1.21.x-1.6.jar
WaterMedia: Binaries,SrRapero720,3.0.0-rc.1,"NeoForge, Forge, Fabric",true,wm_binaries-3.0.0-rc.1.jar,C:\Users\Lucky56\github\modpacks\mods\wm_binaries-3.0.0-rc.1.jar
Woodworks,Team Abnormals,4.0.2,NeoForge,true,woodworks-1.21.1-4.0.2....jar,C:\Users\Lucky56\github\modpacks\mods\woodworks-1.21.1-4.0.2....jar
YetAnotherConfigLib,isXander,3.8.2+1.21.1-neoforge,NeoForge,true,yet_another_config_lib_v3-3.8.2+1.21.1-neoforge....jar,C:\Users\Lucky56\github\modpacks\mods\yet_another_config_lib_v3-3.8.2+1.21.1-neoforge....jar
YUNG's API,YUNGNICKYOUNG,1.21.1-NeoForge-5.1.6,NeoForge,true,YungsApi-1.21.1-NeoForge-5.1.6....jar,C:\Users\Lucky56\github\modpacks\mods\YungsApi-1.21.1-NeoForge-5.1.6....jar
YUNG's Better Caves,YUNGNICKYOUNG,1.21.1-NeoForge-3.1.4,NeoForge,true,YungsBetterCaves-1.21.1-NeoForge-3.1.4...jar,C:\Users\Lucky56\github\modpacks\mods\YungsBetterCaves-1.21.1-NeoForge-3.1.4...jar
YUNG's Better Desert Temples,"YUNGNICKYOUNG, Tera",1.21.1-NeoForge-4.1.5,NeoForge,true,YungsBetterDesertTemples-1.21.1-NeoForge-4.1.5....jar,C:\Users\Lucky56\github\modpacks\mods\YungsBetterDesertTemples-1.21.1-NeoForge-4.1.5....jar
YUNG's Better Dungeons,"YUNGNICKYOUNG, Acarii",1.21.1-NeoForge-5.1.4,NeoForge,true,YungsBetterDungeons-1.21.1-NeoForge-5.1.4....jar,C:\Users\Lucky56\github\modpacks\mods\YungsBetterDungeons-1.21.1-NeoForge-5.1.4....jar
YUNG's Better End Island,"YUNGNICKYOUNG, Acarii",1.21.1-NeoForge-3.1.2,NeoForge,true,YungsBetterEndIsland-1.21.1-NeoForge-3.1.2....jar,C:\Users\Lucky56\github\modpacks\mods\YungsBetterEndIsland-1.21.1-NeoForge-3.1.2....jar
YUNG's Better Jungle Temples,"YUNGNICKYOUNG, Tera",1.21.1-NeoForge-3.1.2,NeoForge,true,YungsBetterJungleTemples-1.21.1-NeoForge-3.1.2....jar,C:\Users\Lucky56\github\modpacks\mods\YungsBetterJungleTemples-1.21.1-NeoForge-3.1.2....jar
YUNG's Better Mineshafts,YUNGNICKYOUNG,1.21.1-NeoForge-5.1.1,NeoForge,true,YungsBetterMineshafts-1.21.1-NeoForge-5.1.1....jar,C:\Users\Lucky56\github\modpacks\mods\YungsBetterMineshafts-1.21.1-NeoForge-5.1.1....jar
YUNG's Better Witch Huts,"YUNGNICKYOUNG, Acarii",1.21.1-NeoForge-4.1.1,NeoForge,true,YungsBetterWitchHuts-1.21.1-NeoForge-4.1.1....jar,C:\Users\Lucky56\github\modpacks\mods\YungsBetterWitchHuts-1.21.1-NeoForge-4.1.1....jar
YUNG's Bridges,YUNGNICKYOUNG,1.21.1-NeoForge-5.1.1,NeoForge,true,YungsBridges-1.21.1-NeoForge-5.1.1....jar,C:\Users\Lucky56\github\modpacks\mods\YungsBridges-1.21.1-NeoForge-5.1.1....jar
YUNG's Cave Biomes,"YUNGNICKYOUNG, HellionGames, Sully, LudoCrypt, Jasmine, K.jpg, Neko, Frenderman, Refresh Studios",1.21.1-NeoForge-3.1.1,NeoForge,true,YungsCaveBiomes-1.21.1-NeoForge-3.1.1....jar,C:\Users\Lucky56\github\modpacks\mods\YungsCaveBiomes-1.21.1-NeoForge-3.1.1....jar
YUNG's Extras,"YUNGNICKYOUNG, Acarii",1.21.1-NeoForge-5.1.1,NeoForge,true,YungsExtras-1.21.1-NeoForge-5.1.1....jar,C:\Users\Lucky56\github\modpacks\mods\YungsExtras-1.21.1-NeoForge-5.1.1....jar
YUNG's Menu Tweaks,YUNGNICKYOUNG,1.21.1-NeoForge-2.1.2,NeoForge,true,YungsMenuTweaks-1.21.1-NeoForge-2.1.2....jar,C:\Users\Lucky56\github\modpacks\mods\YungsMenuTweaks-1.21.1-NeoForge-2.1.2....jar
Zeta,"Vazkii, quat, IThundxr, Siuol, wiresegal, MehVahdJukaar",1.1-40,NeoForge,true,Zeta-1.1-40.jar,C:\Users\Lucky56\github\modpacks\mods\Zeta-1.1-40.jar
Additional Placements,FirEmerald,3.0.1,NeoForge,true,[1.21-1.21.1 NeoForge] Additional Placements 3.0.1.jar,C:\Users\Lucky56\github\modpacks\mods\[1.21-1.21.1 NeoForge] Additional Placements 3.0.1.jar
java.io.FileWriter@27540a20